name,instance,run_id,test_incremental_only/macro_types/precision,test_incremental/macro_example/f1,test_incremental_product-ship/macro_types/precision,test_incremental_only/macro_example/precision,test_incremental_product-mobile_phone/macro_types/precision,test_incremental_product-airplane/macro_types/f1,test_incremental_product-spacecraft/macro_types/recall,test_incremental_only/macro_example_exclusive/precision,test_incremental_product-airplane/macro_types/precision,test_incremental_product-computer/macro_types/f1,test_incremental_product-camera/macro_types/recall,epoch,test/micro/recall,test_incremental/macro_types/f1,test/macro_example/recall,test_pretraining/macro_example/f1,test_pretraining/micro/precision,test_incremental/macro_example_exclusive/recall,test/macro_example/precision,test_incremental_product-camera/macro_types/precision,test_incremental/macro_example/recall,test_incremental_product/macro_types/f1,test_incremental_product-weapon/macro_types/precision,test_incremental_product-computer/macro_types/precision,test_incremental_product-engine_device/macro_types/recall,test_incremental/macro_types/recall,test_incremental_product-computer/macro_types/recall,test_incremental/macro_types/precision,test_incremental/macro_example_exclusive/f1,test/macro_types/precision,test_incremental_only/macro_example/f1,test_incremental_product-airplane/macro_types/recall,test_incremental_product-engine_device/macro_types/precision,test_incremental_only/macro_example_exclusive/recall,test_incremental_product-mobile_phone/macro_types/f1,test_incremental/micro/recall,test_incremental/micro/precision,test/macro_types/recall,test_pretraining/macro_types/f1,test_pretraining/macro_types/precision,test_incremental_product-car/macro_types/recall,test_incremental_only/micro/recall,test_pretraining/macro_example/precision,test_incremental_product-weapon/macro_types/recall,test_incremental_only/micro/precision,test_incremental_product/macro_types/precision,test_incremental_product-instrument/macro_types/recall,test/micro/precision,threshold_incremental,test_incremental_product/macro_types/recall,test_incremental_product-ship/macro_types/recall,test_incremental_product-spacecraft/macro_types/f1,test/macro_example/f1,test_incremental/micro/f1,test_pretraining/micro/recall,test/micro/f1,test/macro_types/f1,threshold_pretraining,test_incremental_product-weapon/macro_types/f1,test_pretraining/macro_example/recall,test_incremental_product-car/macro_types/f1,test_incremental_product-instrument/macro_types/f1,test_incremental_product-engine_device/macro_types/f1,test_incremental_product-mobile_phone/macro_types/recall,test_incremental/macro_example_exclusive/precision,test_incremental_product-car/macro_types/precision,test_incremental/macro_example/precision,test_incremental_product-ship/macro_types/f1,test_incremental_product-camera/macro_types/f1,test_pretraining/micro/f1,test_pretraining/macro_types/recall,test_incremental_only/macro_example_exclusive/f1,test_incremental_only/macro_example/recall,test_incremental_product-instrument/macro_types/precision,test_incremental_only/micro/f1,test_incremental_only/macro_types/f1,test_incremental_only/macro_types/recall,test_incremental_product-spacecraft/macro_types/precision
no_init_box_kenn_horizontal_adapter_bert_ms,2,ek59tu3h,0.9746297001838684,0.08859541267156601,0.949999988079071,0.07341684401035309,1.0,0.8301886320114136,0.8666666746139526,0.7033333778381348,1.0,0.7042253017425537,0.7666666507720947,24,0.8670520186424255,0.8105387687683105,0.8957202434539795,0.9101163148880004,0.907911777496338,0.7795873880386353,0.9249826669692992,1.0,0.08327534049749374,0.9280821681022644,1.0,0.8333333134651184,0.5,0.6935684680938721,0.6097561120986938,0.9749669432640076,0.8293915390968323,0.9045368432998656,0.07235795259475708,0.7096773982048035,1.0,0.6833332777023315,0.6956522464752197,0.7761674523353577,0.973737359046936,0.7922240495681763,0.8446633219718933,0.9045368432998656,0.7333333492279053,0.6719745397567749,0.9249826669692992,0.6000000238418579,0.9678899049758912,0.9783393740653992,0.8333333134651184,0.907911777496338,0.01,0.8827361464500427,0.59375,0.9122806787490844,0.9101163148880004,0.8637992739677429,0.8670520186424255,0.8870115876197815,0.8446633219718933,0.25,0.75,0.8957202434539795,0.8461538553237915,0.9090909361839294,0.6666666865348816,0.5333333611488342,0.885993480682373,1.0,0.09464161098003387,0.730769157409668,0.8679245114326477,0.8870115876197815,0.7922240495681763,0.6931891441345215,0.07132916152477264,1.0,0.7932330965995789,0.7973600625991821,0.6746516823768616,0.9629629850387572
no_init_box_kenn_horizontal_adapter_bert_ms,1,ehaay76t,0.7744736671447754,0.08156602084636688,1.0,0.04940848797559738,0.0,0.6666666865348816,0.6666666865348816,0.4733333289623261,0.8500000238418579,0.5666666626930237,0.7333333492279053,16,0.8528075814247131,0.6082868576049805,0.8850498795509338,0.9040486216545104,0.9069154858589172,0.6737241744995117,0.9238808155059814,1.0,0.07196706533432007,0.9280821681022644,1.0,0.8947368264198303,0.0,0.4933643341064453,0.4146341383457184,0.793006956577301,0.7635854482650757,0.8706121444702148,0.04940849170088768,0.5483871102333069,0.0,0.4733333289623261,0.0,0.6650563478469849,0.974056601524353,0.7548978924751282,0.8086364269256592,0.8706121444702148,0.6000000238418579,0.4522292912006378,0.9238808155059814,0.6000000238418579,0.9659863710403442,0.9783393740653992,0.699999988079071,0.9069154858589172,0.01,0.8827361464500427,0.28125,0.800000011920929,0.9040486216545104,0.7904306054115295,0.8528075814247131,0.8790296912193298,0.8086364269256592,0.25,0.75,0.8850498795509338,0.75,0.8235293626785278,0.0,0.0,0.8811074495315552,1.0,0.09411969780921936,0.4390243887901306,0.8461538553237915,0.8790296912193298,0.7548978924751282,0.4733333289623261,0.04940848797559738,1.0,0.6160520315170288,0.5727750658988953,0.4544271528720856,1.0
no_init_box_kenn_horizontal_adapter_bert_ms,0,bt0747p3,0.7536932229995728,0.08291276544332504,1.0,0.05497564375400543,0.0,0.7301587462425232,0.7666666507720947,0.5266666412353516,0.71875,0.3461538553237915,0.7666666507720947,19,0.8561106324195862,0.640261173248291,0.8881813883781433,0.9052613377571106,0.9060519933700562,0.6997828483581543,0.9230109453201294,1.0,0.0747506320476532,0.9280821681022644,1.0,0.8181818127632141,0.0,0.5458728075027466,0.2195121943950653,0.7741155624389648,0.7761930823326111,0.8670899868011475,0.05497564375400543,0.7419354915618896,0.0,0.5266666412353516,0.0,0.6908212304115295,0.9618834257125854,0.7646875977516174,0.8126757144927979,0.8670899868011475,0.6333333253860474,0.5031847357749939,0.9230109453201294,0.7333333492279053,0.9349112510681152,0.9783393740653992,0.6666666865348816,0.9060519933700562,0.01,0.8827361464500427,0.59375,0.8679245114326477,0.9052613377571106,0.8041236996650696,0.8561106324195862,0.8803735375404358,0.8126757144927979,0.25,0.8461538553237915,0.8881813883781433,0.7755101919174194,0.800000011920929,0.0,0.0,0.871335506439209,1.0,0.09307584911584854,0.7450980544090271,0.8679245114326477,0.8803735375404358,0.7646875977516174,0.5266666412353516,0.05497564375400543,1.0,0.6542443037033081,0.6099022626876831,0.5121864080429077,1.0
no_init_box_kenn_hybrid_adapter_bert_ms,2,1erkpwal,0.9670807719230652,0.09248562157154085,0.9166666865348816,0.08246347308158875,1.0,0.8148147463798523,0.8999999761581421,0.7899999618530273,0.95652174949646,0.7042253017425537,0.8666666746139526,31,0.8724194765090942,0.8588708639144897,0.8993446826934814,0.912068009376526,0.9080361127853394,0.8213897943496704,0.925156593322754,1.0,0.08774065971374512,0.9280821681022644,1.0,0.8333333134651184,0.5666666626930237,0.7717881798744202,0.6097561120986938,0.9681043028831482,0.8658100366592407,0.9032573699951172,0.08131691813468933,0.7096773982048035,1.0,0.7683333158493042,0.9090909361839294,0.8180354237556458,0.971319317817688,0.8068073987960815,0.852312445640564,0.9032573699951172,0.7333333492279053,0.7547770738601685,0.925156593322754,0.800000011920929,0.9634146094322203,0.9783393740653992,0.8999999761581421,0.9080361127853394,0.01,0.8827361464500427,0.6875,0.931034505367279,0.912068009376526,0.8881118297576904,0.8724194765090942,0.8898715972900391,0.852312445640564,0.25,0.888888955116272,0.8993446826934814,0.8461538553237915,0.9473683834075928,0.7234042882919312,0.8333333134651184,0.9153094291687012,1.0,0.09777313470840454,0.7857142686843872,0.9285714626312256,0.8898715972900391,0.8068073987960815,0.7790160179138184,0.08020181208848953,1.0,0.8464285731315613,0.8515601754188538,0.7606933116912842,0.9642857313156128
no_init_box_kenn_top_down_adapter_bert_ms,2,8jdba9ne,0.9654539227485656,0.09341104328632356,0.9200000166893004,0.08524703979492188,1.0,0.8148147463798523,0.9333333373069764,0.8166666030883789,0.95652174949646,0.7123287320137024,0.8666666746139526,25,0.8740710020065308,0.872469425201416,0.9006785154342651,0.9127534627914428,0.9079991579055786,0.8344191312789917,0.925156593322754,1.0,0.08913245797157288,0.9280821681022644,1.0,0.8125,0.6333333253860474,0.7950281500816345,0.6341463327407837,0.9666253924369812,0.8744732737541199,0.9029816389083862,0.08410101383924484,0.7096773982048035,1.0,0.7949999570846558,0.9090909361839294,0.8309178948402405,0.969924807548523,0.8111402988433838,0.8546006083488464,0.9029816389083862,0.7333333492279053,0.7802547812461853,0.925156593322754,0.8333333134651184,0.9607843160629272,0.9783393740653992,0.9666666388511658,0.9079991579055786,0.02,0.8827361464500427,0.71875,0.9491525292396544,0.9127534627914428,0.8950563669204712,0.8740710020065308,0.8907121419906616,0.8546006083488464,0.25,0.9090909361839294,0.9006785154342651,0.8461538553237915,0.98305082321167,0.7755101919174194,0.8333333134651184,0.9185667634010316,1.0,0.09812108427286148,0.8070175051689148,0.9285714626312256,0.8907121419906616,0.8111402988433838,0.805687665939331,0.08298538625240326,1.0,0.8611599802970886,0.866689920425415,0.7862574458122253,0.9655172228813172
no_init_box_kenn_bottom_up_adapter_bert_ms,2,dyz96roj,0.9667184948921204,0.09232428669929504,0.91304349899292,0.08176757395267487,1.0,0.8148147463798523,0.8999999761581421,0.7833333015441895,0.95652174949646,0.7042253017425537,0.8666666746139526,31,0.8720065951347351,0.8550945520401001,0.899054765701294,0.9119189381599426,0.9079965353012084,0.8186753392219543,0.925156593322754,1.0,0.08745070546865463,0.9280821681022644,1.0,0.8333333134651184,0.5666666626930237,0.7659169435501099,0.6097561120986938,0.9677748680114746,0.8642997145652771,0.9031959772109984,0.08071023225784302,0.7096773982048035,1.0,0.7633333206176758,0.9090909361839294,0.8148148059844971,0.9712092280387878,0.8057128190994263,0.85167396068573,0.9031959772109984,0.7333333492279053,0.7484076619148254,0.925156593322754,0.7666666507720947,0.9631147384643556,0.9783393740653992,0.8999999761581421,0.9079965353012084,0.01,0.8827361464500427,0.65625,0.931034505367279,0.9119189381599426,0.8861646056175232,0.8720065951347351,0.8896377682685852,0.85167396068573,0.25,0.8679245114326477,0.899054765701294,0.8461538553237915,0.9473683834075928,0.7234042882919312,0.8333333134651184,0.9153094291687012,1.0,0.09777313470840454,0.7636364102363586,0.9285714626312256,0.8896377682685852,0.8057128190994263,0.7732040286064148,0.07967989146709442,1.0,0.842293918132782,0.847359299659729,0.754235029220581,0.9642857313156128
no_init_box_kenn_hybrid_adapter_bert_ms,1,zjogg273,0.9730008840560912,0.0894344374537468,0.9545454382896424,0.07585246860980988,1.0,0.8301886320114136,0.8666666746139526,0.7266666889190674,1.0,0.7123287320137024,0.800000011920929,19,0.8684971332550049,0.823518693447113,0.8967061042785645,0.9105405807495116,0.9078549742698668,0.7909880876541138,0.9248086810112,1.0,0.08449316024780273,0.9280821681022644,1.0,0.8125,0.5,0.7135888338088989,0.6341463327407837,0.9734861850738524,0.8372461199760437,0.904260754585266,0.07479406148195267,0.7096773982048035,1.0,0.7066666483879089,0.7234042882919312,0.7874395847320557,0.9721670150756836,0.7959566712379456,0.8466591835021973,0.904260754585266,0.699999988079071,0.6942675113677979,0.9248086810112,0.800000011920929,0.964601755142212,0.9783393740653992,0.7333333492279053,0.9078549742698668,0.01,0.8827361464500427,0.65625,0.9122806787490844,0.9105405807495116,0.8701067566871643,0.8684971332550049,0.8877400159835815,0.8466591835021973,0.25,0.888888955116272,0.8967061042785645,0.8235293626785278,0.8461538553237915,0.6666666865348816,0.5666666626930237,0.8892508149147034,1.0,0.0949895605444908,0.7777777314186096,0.888888955116272,0.8877400159835815,0.7959566712379456,0.7165271043777466,0.07376478612422943,1.0,0.8074074387550354,0.8119718432426453,0.6966740489006042,0.9629629850387572
no_init_box_kenn_top_down_adapter_bert_ms,1,32dzu73k,0.9456737041473388,0.0933925211429596,0.8965517282485962,0.08663883060216904,0.9629629850387572,0.836363673210144,0.8999999761581421,0.8299999237060547,0.9583333134651184,0.6753246188163757,0.8333333134651184,19,0.874896764755249,0.8718061447143555,0.9013453722000122,0.9126436114311218,0.9067180156707764,0.8409337997436523,0.9242287278175354,1.0,0.08982834964990616,0.9280821681022644,1.0,0.7222222089767456,0.6666666865348816,0.8064835071563721,0.6341463327407837,0.9486433267593384,0.8743000030517578,0.8996291160583496,0.0854930505156517,0.7419354915618896,0.9523809552192688,0.8083332777023315,0.9122806787490844,0.8373590707778931,0.9576427340507508,0.8132760524749756,0.8542759418487549,0.8996291160583496,0.800000011920929,0.7929936051368713,0.9242287278175354,0.8999999761581421,0.9360902309417723,0.9783393740653992,0.8333333134651184,0.9067180156707764,0.01,0.8827361464500427,0.8125,0.931034505367279,0.9126436114311218,0.893470823764801,0.874896764755249,0.8905231952667236,0.8542759418487549,0.25,0.9473683834075928,0.9013453722000122,0.888888955116272,0.9090909361839294,0.7843137383460999,0.8666666746139526,0.9104233980178832,1.0,0.09725122153759004,0.8524590134620667,0.9090909361839294,0.8905231952667236,0.8132760524749756,0.8190233111381531,0.08437717705965042,1.0,0.8586207032203674,0.8660881519317627,0.7988581657409668,0.9642857313156128
no_init_box_kenn_bottom_up_adapter_bert_ms,1,lflqb8az,0.9532091617584229,0.09228351712226868,0.78125,0.08246346563100815,1.0,0.8301886320114136,0.8666666746139526,0.7899999618530273,1.0,0.7027026414871216,0.800000011920929,27,0.8724194765090942,0.8530259132385254,0.8994026780128479,0.9118723273277284,0.90686696767807,0.8219326734542847,0.924692690372467,1.0,0.08779865503311157,0.9280821681022644,1.0,0.7878788113594055,0.6666666865348816,0.77040696144104,0.6341463327407837,0.955493688583374,0.8639179468154907,0.900906264781952,0.08140624314546585,0.7096773982048035,1.0,0.7699999809265137,0.888888955116272,0.8180354237556458,0.960302472114563,0.8065499067306519,0.8511210083961487,0.900906264781952,0.800000011920929,0.7547770738601685,0.924692690372467,0.8666666746139526,0.9404761791229248,0.9783393740653992,0.6666666865348816,0.90686696767807,0.01,0.8827361464500427,0.78125,0.9122806787490844,0.9118723273277284,0.8834782242774963,0.8724194765090942,0.8893097639083862,0.8511210083961487,0.25,0.9285714626312256,0.8994026780128479,0.888888955116272,0.800000011920929,0.800000011920929,0.800000011920929,0.9104233980178832,1.0,0.09725122153759004,0.78125,0.888888955116272,0.8893097639083862,0.8065499067306519,0.7798717617988586,0.0803757905960083,1.0,0.8374558091163635,0.8451982736587524,0.759174108505249,0.9629629850387572
no_init_box_kenn_hybrid_adapter_bert_ms,0,jnq9vbdc,0.9299506545066832,0.09261433035135268,0.5116279125213623,0.08281141519546509,1.0,0.8301886320114136,0.800000011920929,0.7933332920074463,1.0,0.7027026414871216,0.8666666746139526,35,0.8726259469985962,0.8466527462005615,0.8995187282562256,0.9104914665222168,0.9043645858764648,0.8235613107681274,0.9217351675033568,1.0,0.08797263354063034,0.9280821681022644,1.0,0.7878788113594055,0.7666666507720947,0.7740055322647095,0.6341463327407837,0.9343496561050416,0.8670149445533752,0.8969641923904419,0.08175423741340637,0.7096773982048035,1.0,0.7733333110809326,0.9090909361839294,0.8196457624435425,0.9373849034309388,0.8072208166122437,0.849729597568512,0.8969641923904419,0.7333333492279053,0.7579618096351624,0.9217351675033568,0.800000011920929,0.8947368264198303,0.9783393740653992,0.800000011920929,0.9043645858764648,0.01,0.8827361464500427,0.6875,0.888888955116272,0.9104914665222168,0.8745704293251038,0.8726259469985962,0.8882117867469788,0.849729597568512,0.25,0.888888955116272,0.8995187282562256,0.8461538553237915,0.888888955116272,0.8679245114326477,0.8333333134651184,0.9153094291687012,1.0,0.09777313470840454,0.5866666436195374,0.9285714626312256,0.8882117867469788,0.8072208166122437,0.7832056879997253,0.08072372525930405,1.0,0.8206896781921387,0.8383232951164246,0.7631323933601379,1.0
no_init_box_kenn_top_down_adapter_bert_ms,0,pt5qzpdb,0.8829177618026733,0.09448251873254776,0.3650793731212616,0.08907446265220642,0.9642857313156128,0.836363673210144,0.8666666746139526,0.8533333539962769,0.9583333134651184,0.6835443377494812,0.8666666746139526,41,0.8763418793678284,0.8583249449729919,0.9025921821594238,0.910142719745636,0.8989834785461426,0.8528772592544556,0.917820692062378,1.0,0.0911041498184204,0.9280821681022644,0.8666666746139526,0.7105262875556946,0.8999999761581421,0.8274507522583008,0.6585366129875183,0.8915923833847046,0.884503960609436,0.8889924883842468,0.08801824599504471,0.7419354915618896,0.9642857313156128,0.8333333730697632,0.931034505367279,0.8486312627792358,0.8917089700698853,0.8171851634979248,0.8515777587890625,0.8889924883842468,0.8333333134651184,0.8152866363525391,0.917820692062378,0.8666666746139526,0.8152866363525391,0.9783393740653992,0.8666666746139526,0.8989834785461426,0.01,0.8827361464500427,0.71875,0.9285714626312256,0.910142719745636,0.8696369528770447,0.8763418793678284,0.8875183463096619,0.8515777587890625,0.25,0.8666666746139526,0.9025921821594238,0.9090909361839294,0.9285714626312256,0.931034505367279,0.8999999761581421,0.9185667634010316,1.0,0.09812108427286148,0.4842105209827423,0.9285714626312256,0.8875183463096619,0.8171851634979248,0.8432148098945618,0.08698678016662598,1.0,0.8152866363525391,0.8513288497924805,0.8219221830368042,1.0
no_init_box_kenn_bottom_up_adapter_bert_ms,0,x2juh719,0.9314706325531006,0.09222724288702012,0.550000011920929,0.08141962438821793,1.0,0.807692289352417,0.800000011920929,0.7799999713897705,1.0,0.6933333277702332,0.8666666746139526,41,0.8718001842498779,0.8399656414985657,0.8988227844238281,0.9102195501327516,0.9046701192855836,0.8170466423034668,0.9219090938568116,1.0,0.08727673441171646,0.9280821681022644,1.0,0.7647058963775635,0.7666666507720947,0.7619819641113281,0.6341463327407837,0.9357314109802246,0.8633911609649658,0.8972218036651611,0.0803622230887413,0.6774193644523621,1.0,0.7599999904632568,0.9090909361839294,0.8132045269012451,0.9404096603393556,0.804979145526886,0.848601222038269,0.8972218036651611,0.7333333492279053,0.7452229261398315,0.9219090938568116,0.7666666507720947,0.8999999761581421,0.9783393740653992,0.7333333492279053,0.9046701192855836,0.01,0.8827361464500427,0.6875,0.888888955116272,0.9102195501327516,0.872193455696106,0.8718001842498779,0.8879310488700867,0.848601222038269,0.25,0.8679245114326477,0.8988227844238281,0.8461538553237915,0.8461538553237915,0.8679245114326477,0.8333333134651184,0.9153094291687012,1.0,0.09777313470840454,0.6111111640930176,0.9285714626312256,0.8879310488700867,0.804979145526886,0.7698701024055481,0.07933194935321808,1.0,0.815330982208252,0.8308854103088379,0.7499065399169922,1.0
smart_init_box_adapter_bert_ms,2,8ab47evc,0.9089873433113098,0.09452153742313384,0.9200000166893004,0.09116214513778688,0.875,0.8064516186714172,0.9333333373069764,0.8733333349227905,0.8064516186714172,0.746666669845581,0.9333333373069764,128,0.878406286239624,0.8850514888763428,0.9042159914970398,0.9137581586837769,0.9049340486526488,0.8686210513114929,0.9235038161277772,1.0,0.09278589487075806,0.9280821681022644,1.0,0.8235294222831726,0.9333333373069764,0.8567453026771545,0.6829268336296082,0.9152920842170716,0.8848693370819092,0.8934110403060913,0.0907251238822937,0.8064516186714172,0.9032257795333862,0.8650000095367432,0.9032257795333862,0.8647342920303345,0.9404553174972534,0.8226468563079834,0.8565699458122253,0.8934110403060913,0.7666666507720947,0.8471337556838989,0.9235038161277772,0.8666666746139526,0.9047619104385376,0.9783393740653992,0.9666666388511658,0.9049340486526488,0.27,0.8827361464500427,0.71875,0.9032257795333862,0.9137581586837769,0.9010066986083984,0.878406286239624,0.8914728760719299,0.8565699458122253,0.25,0.9285714626312256,0.9042159914970398,0.8363636136054993,0.9666666388511658,0.9180328249931335,0.9333333373069764,0.9017372131347656,0.9200000166893004,0.09632336348295212,0.8070175051689148,0.9655172228813172,0.8914728760719299,0.8226468563079834,0.8691466450691223,0.0902922749519348,0.9666666388511658,0.875,0.880713939666748,0.8541462421417236,0.875
smart_init_box_adapter_bert_ms,1,cbncnszt,0.8948410749435425,0.09455574303865431,0.6666666865348816,0.09220598638057707,0.8387096524238586,0.8275862336158752,0.9333333373069764,0.8833333253860474,0.8888888955116272,0.7179487347602844,0.8999999761581421,120,0.8786126971244812,0.8803406357765198,0.9044189453125,0.9136630296707152,0.9034175276756288,0.8702497482299805,0.9230979681015016,1.0,0.09295987337827682,0.9280821681022644,1.0,0.7567567825317383,0.9666666388511658,0.8593051433563232,0.6829268336296082,0.902431845664978,0.8851896524429321,0.8910133838653564,0.09141639620065688,0.774193525314331,0.9354838728904724,0.8683333396911621,0.8524589538574219,0.8663446307182312,0.9275861978530884,0.8231241703033447,0.8557243943214417,0.8910133838653564,0.8666666746139526,0.8503184914588928,0.9230979681015016,0.8999999761581421,0.8811880946159363,0.9783393740653992,0.8666666746139526,0.9034175276756288,0.29000000000000004,0.8827361464500427,0.8125,0.9333333373069764,0.9136630296707152,0.8959200978279114,0.8786126971244812,0.8908424377441406,0.8557243943214417,0.25,0.9473683834075928,0.9044189453125,0.8965517282485962,0.9285714626312256,0.9508196711540222,0.8666666746139526,0.9006514549255371,0.9285714030265808,0.0962073802947998,0.7323943376541138,0.9473683834075928,0.8908424377441406,0.8231241703033447,0.8757691383361816,0.09064022451639175,1.0,0.8654780983924866,0.8754920363426208,0.8569620847702026,0.9333333373069764
smart_init_box_adapter_bert_ms,0,phlakz74,0.09912653267383575,0.040599625557661057,0.08058608323335648,0.0098112802952528,0.09885931760072708,0.19269102811813352,0.9666666388511658,0.09399206936359406,0.10740740597248076,0.25,0.9333333373069764,10,0.878406286239624,0.29570281505584717,0.903462052345276,0.8781697750091553,0.5997180938720703,0.861563503742218,0.8542550802230835,0.10566037893295288,0.09203201532363892,0.9280821681022644,0.09293680638074876,0.1444866955280304,0.6666666865348816,0.8484135866165161,0.9268292784690856,0.17905497550964355,0.38007596135139465,0.7561464905738831,0.017654869705438614,0.9354838728904724,0.07434944063425064,0.8433333039283752,0.17747440934181213,0.8647342920303345,0.18117408454418185,0.8210934996604919,0.7872828245162964,0.7561464905738831,0.800000011920929,0.8471337556838989,0.8542550802230835,0.8333333134651184,0.0989951640367508,0.9783393740653992,0.8333333134651184,0.5997180938720703,0.06999999999999999,0.8827361464500427,0.6875,0.19078947603702545,0.8781697750091553,0.2995815873146057,0.878406286239624,0.7127900123596191,0.7872828245162964,0.25,0.16722409427165985,0.903462052345276,0.1599999964237213,0.1661129593849182,0.13377925753593445,0.8666666746139526,0.24381765723228457,0.08888889104127884,0.02604454569518566,0.14426229894161224,0.1898305118083954,0.7127900123596191,0.8210934996604919,0.16913367807865143,0.0880306214094162,0.09225092083215714,0.17727425694465637,0.17743749916553497,0.84498131275177,0.10583941638469696
no_init_kenn_horizontal_adapter_bert_ms,2,bwtvfgn8,0.8494802713394165,0.0958605334162712,0.92592591047287,0.09220598638057707,0.800000011920929,0.7384615540504456,0.9333333373069764,0.8833333849906921,0.7058823704719543,0.6913580298423767,0.9333333373069764,32,0.8965730667114258,0.8657893538475037,0.9134597778320312,0.9187009334564208,0.9085773825645448,0.871335506439209,0.9240025877952576,0.9655172228813172,0.09307585656642914,0.9204152822494508,0.9642857313156128,0.699999988079071,1.0,0.8701351881027222,0.6829268336296082,0.8614866137504578,0.8974044322967529,0.8949997425079346,0.09203168749809264,0.774193525314331,0.8571428656578064,0.8799999952316284,0.8615384697914124,0.8647342920303345,0.902521014213562,0.8630595803260803,0.8787395358085632,0.8949997425079346,0.7666666507720947,0.8630573153495789,0.9240025877952576,0.8999999761581421,0.8364197611808777,0.9815497994422911,1.0,0.9085773825645448,0.18000000000000002,0.8664495348930359,0.78125,0.888888955116272,0.9187009334564208,0.8832236528396606,0.8965730667114258,0.9025352597236632,0.8787395358085632,0.375,0.931034505367279,0.9134597778320312,0.8518518805503845,0.8695651888847351,0.9230769276618958,0.9333333373069764,0.9250813722610474,0.9583333134651184,0.09881697595119476,0.8474575877189636,0.9491525292396544,0.9025352597236632,0.8630595803260803,0.8816635608673096,0.09185804426670074,0.7692307829856873,0.8495297431945801,0.8598634600639343,0.8705036640167236,0.8484848737716675
no_init_kenn_horizontal_adapter_bert_ms,1,2o8z2xsw,0.8599239587783813,0.09499859064817429,0.5909090638160706,0.09081420302391052,0.8709677457809448,0.7796609997749329,0.8999999761581421,0.8700000047683716,0.8214285969734192,0.6500000357627869,0.8999999761581421,17,0.8951280117034912,0.860596776008606,0.9124739170074464,0.9180874824523926,0.9088241457939148,0.8604776859283447,0.923770546913147,1.0,0.0919160321354866,0.9204152822494508,0.9642857313156128,0.6666666865348816,1.0,0.8504574298858643,0.6341463327407837,0.8709808588027954,0.8893350958824158,0.8967698216438293,0.09020118415355682,0.7419354915618896,0.8333333134651184,0.8583333492279053,0.8852458596229553,0.8534621596336365,0.9044368863105774,0.8593908548355103,0.8776825070381165,0.8967698216438293,0.8999999761581421,0.8407643437385559,0.923770546913147,0.8999999761581421,0.8380952477455139,0.9815497994422911,0.800000011920929,0.9088241457939148,0.35000000000000003,0.8664495348930359,0.8125,0.931034505367279,0.9180874824523926,0.8782104849815369,0.8951280117034912,0.9019240140914916,0.8776825070381165,0.375,0.931034505367279,0.9124739170074464,0.931034505367279,0.8571428656578064,0.9090909361839294,0.8999999761581421,0.9201953411102296,0.9642857313156128,0.09829506278038024,0.6842105388641357,0.9473683834075928,0.9019240140914916,0.8593908548355103,0.8641272783279419,0.08959639072418213,0.9230769276618958,0.8394277095794678,0.8543552160263062,0.8488581776618958,0.9642857313156128
no_init_kenn_horizontal_adapter_bert_ms,0,uw2ppqsf,0.7945092916488647,0.09612654894590378,0.675000011920929,0.09324982762336732,0.8235294222831726,0.8709677457809448,0.8666666746139526,0.8933333158493042,0.8709677457809448,0.6904761791229248,0.8999999761581421,28,0.897605299949646,0.8461161255836487,0.9143296480178832,0.9169289469718932,0.903011441230774,0.8794788122177124,0.9195430278778076,0.931034505367279,0.0939457193017006,0.9204152822494508,0.5185185074806213,0.6744186282157898,0.9666666388511658,0.8838015794754028,0.707317054271698,0.8115130662918091,0.8998947143554688,0.8856826424598694,0.0934234783053398,0.8709677457809448,0.8055555820465088,0.8966666460037231,0.875,0.8727858066558838,0.8603174686431885,0.8656075596809387,0.8755300641059875,0.8856826424598694,0.8666666746139526,0.8789808750152588,0.9195430278778076,0.9333333373069764,0.7688022255897522,0.9815497994422911,0.9666666388511658,0.903011441230774,0.12,0.8664495348930359,0.84375,0.8524589538574219,0.9169289469718932,0.8665067553520203,0.897605299949646,0.9003002047538757,0.8755300641059875,0.375,0.6666666865348816,0.9143296480178832,0.8965517282485962,0.920634925365448,0.8787878155708313,0.9333333373069764,0.9212811589241028,0.9285714030265808,0.09841103851795197,0.7500000596046448,0.915254294872284,0.9003002047538757,0.8656075596809387,0.8949968814849854,0.09359776973724364,0.8787878751754761,0.8202080726623535,0.8375570178031921,0.885536789894104,0.8387096524238586
no_init_kenn_hybrid_adapter_bert_ms,2,3ai7p5co,0.8770215511322021,0.09526921808719636,0.9615384340286256,0.09168406575918198,0.8999999761581421,0.774193525314331,0.8999999761581421,0.878333330154419,0.774193525314331,0.658823549747467,0.9333333373069764,32,0.8961601853370667,0.8751554489135742,0.913169801235199,0.9191842079162598,0.9104446172714232,0.8686210513114929,0.92527836561203,0.9655172228813172,0.09278589487075806,0.9204152822494508,0.9642857313156128,0.6363636255264282,1.0,0.8640745878219604,0.6829268336296082,0.8865241408348083,0.8918687701225281,0.8996677398681641,0.09150975942611694,0.774193525314331,0.8571428656578064,0.875,0.8999999761581421,0.8615136742591858,0.9176672101020812,0.8619296550750732,0.880394458770752,0.8996677398681641,0.7666666507720947,0.8566879034042358,0.92527836561203,0.8999999761581421,0.8621794581413269,0.9815497994422911,1.0,0.9104446172714232,0.26,0.8664495348930359,0.78125,0.8709677457809448,0.9191842079162598,0.8887042999267578,0.8961601853370667,0.9032458662986756,0.880394458770752,0.375,0.931034505367279,0.913169801235199,0.8518518805503845,0.9523809552192688,0.9230769276618958,0.8999999761581421,0.9163951873779296,0.9583333134651184,0.09788912534713744,0.8620690107345581,0.9491525292396544,0.9032458662986756,0.8619296550750732,0.8766635060310364,0.09133611619472504,0.9090909361839294,0.8594249486923218,0.8703793287277222,0.8638370037078857,0.84375
no_init_kenn_top_down_adapter_bert_ms,2,3od9kgtm,0.74245285987854,0.09586132317781448,0.8666666746139526,0.09324982762336732,0.7435897588729858,0.7058823108673096,0.9333333373069764,0.893333375453949,0.6486486196517944,0.5656566023826599,0.9333333373069764,32,0.8971924185752869,0.817599356174469,0.9139816761016846,0.9153655767440796,0.8970072269439697,0.8762214183807373,0.9167536497116088,0.9333333373069764,0.09359776973724364,0.9204152822494508,0.84375,0.48275861144065857,1.0,0.8790366649627686,0.6829268336296082,0.7641889452934265,0.8974118232727051,0.8768594861030579,0.09307552874088287,0.774193525314331,0.8333333134651184,0.8899999856948853,0.8405797481536865,0.8695651888847351,0.8181818127632141,0.8647191524505615,0.8707470297813416,0.8768594861030579,0.800000011920929,0.8726114630699158,0.9167536497116088,0.8999999761581421,0.7043702006340027,0.9815497994422911,1.0,0.8970072269439697,0.21,0.8664495348930359,0.8125,0.7179487347602844,0.9153655767440796,0.8430913090705872,0.8971924185752869,0.8970997929573059,0.8707470297813416,0.375,0.8709677457809448,0.9139816761016846,0.8571428656578064,0.7228915691375732,0.9090909361839294,0.9666666388511658,0.9196524620056152,0.9230769276618958,0.0982370674610138,0.8387096524238586,0.9333333373069764,0.8970997929573059,0.8647191524505615,0.8916636109352112,0.09290188550949097,0.5660377144813538,0.779516339302063,0.805519700050354,0.8802953362464905,0.5833333134651184
no_init_kenn_bottom_up_adapter_bert_ms,2,2dxevnqm,0.9155460596084596,0.09526557475328444,0.9615384340286256,0.09203200787305832,0.931034505367279,0.8214285373687744,0.8999999761581421,0.8816666603088379,0.9200000166893004,0.6666666865348816,0.9333333373069764,32,0.8955408930778503,0.887507975101471,0.9127058386802672,0.9197919368743896,0.9132631421089172,0.8637350797653198,0.9269890785217284,1.0,0.09226398169994354,0.9204152822494508,0.9629629850387572,0.675000011920929,1.0,0.8558944463729858,0.6585366129875183,0.9215463399887084,0.8918347358703613,0.9061973094940186,0.0911538377404213,0.7419354915618896,0.9090909361839294,0.8650000095367432,0.915254294872284,0.8566827774047852,0.9415929317474364,0.8604044914245605,0.8827073574066162,0.9061973094940186,0.7666666507720947,0.8471337556838989,0.9269890785217284,0.8666666746139526,0.9047619104385376,0.9815497994422911,1.0,0.9132631421089172,0.45,0.8664495348930359,0.78125,0.8999999761581421,0.9197919368743896,0.8971332311630249,0.8955408930778503,0.904315173625946,0.8827073574066162,0.375,0.9122806787490844,0.9127058386802672,0.8518518805503845,0.9677419066429138,0.9523809552192688,0.8999999761581421,0.9218240976333618,0.9583333134651184,0.09846903383731842,0.8620690107345581,0.9655172228813172,0.904315173625946,0.8604044914245605,0.8732538223266602,0.0902922824025154,0.9375,0.875,0.8841516375541687,0.8548388481140137,0.8999999761581421
no_init_kenn_hybrid_adapter_bert_ms,1,16c2frlb,0.8807535767555237,0.09442616254091264,0.7027027010917664,0.09081419557332993,0.8709677457809448,0.800000011920929,0.8999999761581421,0.8700000047683716,0.8275862336158752,0.6666666865348816,0.8999999761581421,17,0.8951280117034912,0.8696888089179993,0.9124739170074464,0.9186027646064758,0.9107330441474916,0.8604776859283447,0.9248144626617432,1.0,0.091916024684906,0.9204152822494508,0.9655172228813172,0.7027027010917664,1.0,0.8503596782684326,0.6341463327407837,0.8899169564247131,0.8839764595031738,0.9003003239631653,0.09020117670297624,0.774193525314331,0.8108108043670654,0.8583333492279053,0.8852458596229553,0.8534621596336365,0.9201388955116272,0.859372615814209,0.879360556602478,0.9003003239631653,0.8666666746139526,0.8407643437385559,0.9248144626617432,0.9333333373069764,0.8655737638473511,0.9815497994422911,0.7666666507720947,0.9107330441474916,0.33,0.8664495348930359,0.8125,0.931034505367279,0.9186027646064758,0.8855471611022949,0.8951280117034912,0.9028631448745728,0.879360556602478,0.375,0.9491525292396544,0.9124739170074464,0.9122806787490844,0.8679245114326477,0.8955223560333252,0.8999999761581421,0.9087947607040404,0.9629629850387572,0.09707725048065186,0.7536231279373169,0.9473683834075928,0.9028631448745728,0.859372615814209,0.8641272783279419,0.08959638327360153,1.0,0.8529886603355408,0.864456057548523,0.8487507104873657,0.9642857313156128
no_init_kenn_top_down_adapter_bert_ms,1,1708e1o1,0.8058741092681885,0.09587698429822922,0.4285714328289032,0.09324982762336732,0.8235294222831726,0.7164178490638733,0.8999999761581421,0.8933333158493042,0.6666666865348816,0.6835443377494812,0.8999999761581421,31,0.8963666558265686,0.8440738320350647,0.9134018421173096,0.9166176319122314,0.9027026891708374,0.8697068095207214,0.9198561906814576,1.0,0.09290188550949097,0.9204152822494508,1.0,0.7105262875556946,0.9666666388511658,0.8675390481948853,0.6585366129875183,0.8218446373939514,0.8975584506988525,0.8876088857650757,0.09237176924943924,0.774193525314331,0.8055555820465088,0.8766666650772095,0.875,0.8631240129470825,0.8575999736785889,0.8625755310058594,0.8749131560325623,0.8876088857650757,0.9333333373069764,0.8598726391792297,0.9198561906814576,0.9333333373069764,0.7627118825912476,0.9815497994422911,0.8333333134651184,0.9027026891708374,0.4,0.8664495348930359,0.84375,0.915254294872284,0.9166176319122314,0.8603531122207642,0.8963666558265686,0.8995234966278076,0.8749131560325623,0.375,0.9655172228813172,0.9134018421173096,0.8615384697914124,0.8620689511299133,0.8787878155708313,0.9333333373069764,0.9272528886795044,0.800000011920929,0.0990489423274994,0.5684210062026978,0.9473683834075928,0.8995234966278076,0.8625755310058594,0.8849215507507324,0.0915100872516632,0.8928571343421936,0.8083832263946533,0.8356209397315979,0.8676480054855347,0.931034505367279
no_init_kenn_bottom_up_adapter_bert_ms,1,ugp9197v,0.8922890424728394,0.09432412683963776,0.7428571581840515,0.09011830389499664,0.931034505367279,0.7796609997749329,0.8999999761581421,0.8633333444595337,0.8214285969734192,0.6666666865348816,0.8999999761581421,17,0.8947151303291321,0.8715013861656189,0.9121259450912476,0.918712317943573,0.9116533398628236,0.8572203516960144,0.9253944158554076,1.0,0.09156808257102966,0.9204152822494508,0.9642857313156128,0.7027027010917664,1.0,0.8443968296051025,0.6341463327407837,0.9004037380218506,0.8830212354660034,0.9022554755210876,0.08950525522232056,0.7419354915618896,0.8333333134651184,0.8516666889190674,0.915254294872284,0.8502415418624878,0.927943766117096,0.8582608699798584,0.8797084093093872,0.9022554755210876,0.8666666746139526,0.8343949317932129,0.9253944158554076,0.8999999761581421,0.8791946172714233,0.9815497994422911,0.7666666507720947,0.9116533398628236,0.34,0.8664495348930359,0.8125,0.931034505367279,0.918712317943573,0.887394905090332,0.8947151303291321,0.9031047821044922,0.8797084093093872,0.375,0.931034505367279,0.9121259450912476,0.9122806787490844,0.8679245114326477,0.9090909361839294,0.8999999761581421,0.9104233980178832,0.9629629850387572,0.09725122153759004,0.7761193513870239,0.9473683834075928,0.9031047821044922,0.8582608699798584,0.8574603199958801,0.08890049159526825,1.0,0.8562091588973999,0.8665167689323425,0.8421914577484131,0.9642857313156128
no_init_kenn_hybrid_adapter_bert_ms,0,2eo6vvf5,0.9339908957481384,0.09526931494474412,0.8965517282485962,0.09220598638057707,0.9642857313156128,0.8421053290367126,0.8666666746139526,0.8833333253860474,0.9230769276618958,0.7200000286102295,0.8999999761581421,28,0.8955408930778503,0.895054280757904,0.9127638936042786,0.9201781749725342,0.9148038625717164,0.8642779588699341,0.9277139902114868,1.0,0.0923219695687294,0.9204152822494508,0.9655172228813172,0.7941176295280457,0.9666666388511658,0.8556072115898132,0.6585366129875183,0.9383144974708556,0.8918697237968445,0.9093235731124878,0.09132783114910126,0.774193525314331,0.90625,0.8666666746139526,0.931034505367279,0.8566827774047852,0.9551166892051696,0.8603509664535522,0.8841596841812134,0.9093235731124878,0.8333333134651184,0.8471337556838989,0.9277139902114868,0.9333333373069764,0.9300699234008788,0.9815497994422911,0.8999999761581421,0.9148038625717164,0.38,0.8664495348930359,0.8125,0.8965517282485962,0.9201781749725342,0.9032257795333862,0.8955408930778503,0.9050699472427368,0.8841596841812134,0.375,0.9491525292396544,0.9127638936042786,0.8928570747375488,0.9473683834075928,0.9354838132858276,0.8999999761581421,0.9212812185287476,0.9615384340286256,0.09841104596853256,0.8524590134620667,0.9473683834075928,0.9050699472427368,0.8603509664535522,0.874920666217804,0.090466246008873,1.0,0.8866667151451111,0.8924915194511414,0.8545230627059937,0.9285714030265808
no_init_kenn_top_down_adapter_bert_ms,0,3av7vy7e,0.6019513607025146,0.0966612696647644,0.3068181872367859,0.09533751010894775,0.5185185074806213,0.7714285850524902,0.9666666388511658,0.9133334159851074,0.692307710647583,0.6041666269302368,0.8999999761581421,28,0.8986374735832214,0.7452688813209534,0.9150835275650024,0.9067798852920532,0.8705999851226807,0.8870791792869568,0.8986256122589111,0.8999999761581421,0.09475760161876678,0.9204152822494508,0.2886597812175751,0.5272727012634277,0.9666666388511658,0.8989531397819519,0.707317054271698,0.6364603042602539,0.9049006700515748,0.8530457019805908,0.0952504426240921,0.8709677457809448,0.6904761791229248,0.9116666913032532,0.6666666865348816,0.8808373808860779,0.6711656451225281,0.8684324026107788,0.8606703281402588,0.8530457019805908,0.9333333373069764,0.8949044346809387,0.8986256122589111,0.9333333373069764,0.5165441036224365,0.9815497994422911,0.9666666388511658,0.8705999851226807,0.15000000000000002,0.8664495348930359,0.84375,0.5742574334144592,0.9067798852920532,0.761838436126709,0.8986374735832214,0.8843965530395508,0.8606703281402588,0.375,0.4409448802471161,0.9150835275650024,0.9180328249931335,0.865671694278717,0.8055554628372192,0.9333333373069764,0.9234527349472046,0.9032257795333862,0.0986430048942566,0.44999998807907104,0.8999999761581421,0.8843965530395508,0.8684324026107788,0.9124993681907654,0.09516353905200958,0.7837837934494019,0.6550117135047913,0.7221099734306335,0.9022034406661988,0.4084506928920746
no_init_kenn_bottom_up_adapter_bert_ms,0,bgb7io0z,0.7526483535766602,0.0960485190153122,0.6136363744735718,0.0939457267522812,0.7567567825317383,0.8709677457809448,0.8999999761581421,0.9000000357627869,0.8709677457809448,0.6666666865348816,0.8999999761581421,28,0.8978117108345032,0.8266265392303467,0.9144456386566162,0.9159740209579468,0.8983681201934814,0.8805645704269409,0.917507529258728,0.931034505367279,0.0940617024898529,0.9204152822494508,0.47457626461982727,0.6511628031730652,0.9666666388511658,0.8876449465751648,0.6829268336296082,0.7734576463699341,0.8991643190383911,0.878587543964386,0.09385865926742554,0.8709677457809448,0.7631579041481018,0.8983333110809326,0.8358209133148193,0.8743961453437805,0.8277438879013062,0.8663240671157837,0.8724126815795898,0.878587543964386,0.8999999761581421,0.8821656107902527,0.917507529258728,0.9333333373069764,0.7194805145263672,0.9815497994422911,0.9666666388511658,0.8983681201934814,0.11,0.8664495348930359,0.84375,0.7397260665893555,0.9159740209579468,0.8504306674003601,0.8978117108345032,0.8980898261070251,0.8724126815795898,0.375,0.6292134523391724,0.9144456386566162,0.915254294872284,0.9354838132858276,0.8529411554336548,0.9333333373069764,0.9185667037963868,0.931034505367279,0.09812109172344208,0.7105263471603394,0.915254294872284,0.8980898261070251,0.8663240671157837,0.8991658687591553,0.09377174824476242,0.90625,0.7925607562065125,0.8154829144477844,0.8897644281387329,0.6279069781303406
smart_init_kenn_hybrid_adapter_bert_ms,2,9mr0z6dr,0.9036394357681274,0.09369798749685287,0.9583333134651184,0.08959639072418213,0.7941176295280457,0.7999999523162842,0.8999999761581421,0.8583333492279053,0.9166666865348816,0.7200000286102295,0.8999999761581421,31,0.894095778465271,0.8713052868843079,0.9116620421409608,0.9196698665618896,0.912750244140625,0.8523344397544861,0.9278196096420288,1.0,0.09104616194963457,0.9204152822494508,0.9629629850387572,0.7941176295280457,0.9666666388511658,0.8351588249206543,0.6585366129875183,0.9107222557067872,0.8771597146987915,0.9041792154312134,0.0887179970741272,0.7096773982048035,0.9666666388511658,0.8416666984558105,0.84375,0.8454106450080872,0.9375,0.8565385341644287,0.8797143697738647,0.9041792154312134,0.7666666507720947,0.824840784072876,0.9278196096420288,0.8666666746139526,0.8961937427520752,0.9815497994422911,0.9333333373069764,0.912750244140625,0.46,0.8664495348930359,0.71875,0.8999999761581421,0.9196698665618896,0.8890771269798279,0.894095778465271,0.903326690196991,0.8797143697738647,0.375,0.9122806787490844,0.9116620421409608,0.8363636136054993,0.875,0.9666666388511658,0.8999999761581421,0.9034744501113892,0.9200000166893004,0.0965089350938797,0.8214285969734192,0.9473683834075928,0.903326690196991,0.8565385341644287,0.8499183058738708,0.08785665035247803,0.8235294222831726,0.8590381741523743,0.8663573861122131,0.8320297598838806,0.8999999761581421
smart_init_kenn_top_down_adapter_bert_ms,2,jaxqq91o,0.8591747283935547,0.09515654295682908,0.9285714030265808,0.0927279070019722,0.7435897588729858,0.8070175051689148,0.9333333373069764,0.8883333802223206,0.8846153616905212,0.692307710647583,0.8999999761581421,46,0.8965730667114258,0.8705779910087585,0.9134597778320312,0.919930100440979,0.909338355064392,0.871335506439209,0.9264928698539734,0.931034505367279,0.09307584911584854,0.9204152822494508,0.9642857313156128,0.7297297120094299,1.0,0.870856523513794,0.6585366129875183,0.8702996969223022,0.8908140659332275,0.8966428637504578,0.09229092299938202,0.7419354915618896,0.8823529481887817,0.8799999952316284,0.8405797481536865,0.8647342920303345,0.9086294174194336,0.8631941080093384,0.8796006441116333,0.8966428637504578,0.800000011920929,0.8630573153495789,0.9264928698539734,0.8999999761581421,0.846875011920929,0.9815497994422911,1.0,0.909338355064392,0.32,0.8664495348930359,0.8125,0.8358209133148193,0.919930100440979,0.8861386179924011,0.8965730667114258,0.9029106497764589,0.8796006441116333,0.375,0.931034505367279,0.9134597778320312,0.8727272748947144,0.8955223560333252,0.9375,0.9666666388511658,0.9111834764480592,0.959999978542328,0.09733240306377412,0.8666666150093079,0.915254294872284,0.9029106497764589,0.8631941080093384,0.884147047996521,0.09185803681612016,0.8108108043670654,0.8548895716667175,0.8651934862136841,0.8712971806526184,0.7567567825317383
smart_init_kenn_bottom_up_adapter_bert_ms,2,9iselt0w,0.8894698023796082,0.09442730247974396,0.9629629850387572,0.09133611619472504,0.7941176295280457,0.8214285373687744,0.8999999761581421,0.875,0.9200000166893004,0.7105262875556946,0.8999999761581421,46,0.8955408930778503,0.8762665390968323,0.912705898284912,0.9199816584587096,0.9117276072502136,0.8637350797653198,0.9273743629455566,0.9642857313156128,0.09226398169994354,0.9204152822494508,0.9629629850387572,0.7714285850524902,1.0,0.8557050228118896,0.6585366129875183,0.8978406190872192,0.8839871287345886,0.9017776250839232,0.09081120043992996,0.7419354915618896,0.9090909361839294,0.8650000095367432,0.84375,0.8566827774047852,0.9284467697143556,0.8603692054748535,0.8805868625640869,0.9017776250839232,0.7666666507720947,0.8471337556838989,0.9273743629455566,0.8666666746139526,0.8807947039604187,0.9815497994422911,1.0,0.9117276072502136,0.3,0.8664495348930359,0.8125,0.8571428060531616,0.9199816584587096,0.8911222815513611,0.8955408930778503,0.9035617709159852,0.8805868625640869,0.375,0.9122806787490844,0.912705898284912,0.8518518805503845,0.9090909361839294,0.9523809552192688,0.8999999761581421,0.9052116870880128,0.9583333134651184,0.09669450670480728,0.8813559412956238,0.931034505367279,0.9035617709159852,0.8603692054748535,0.8699712753295898,0.0902922749519348,0.8333333134651184,0.8636363744735718,0.871702253818512,0.8546305894851685,0.8181818127632141
smart_init_kenn_hybrid_adapter_bert_ms,1,w5kn3ghe,0.7835615873336792,0.09448424726724625,0.6341463327407837,0.09064022451639175,0.7714285850524902,0.732394278049469,0.8999999761581421,0.8683333396911621,0.6499999761581421,0.7160493731498718,0.8999999761581421,37,0.8967795372009277,0.8352829813957214,0.9138076901435852,0.9188186526298524,0.9033063054084778,0.873507022857666,0.9238848090171814,0.8709677457809448,0.09330781549215315,0.9204152822494508,0.8709677457809448,0.7250000238418579,1.0,0.8719674944877625,0.707317054271698,0.8015605211257935,0.8845202922821045,0.8838270902633667,0.09150182455778122,0.8387096524238586,0.7692307829856873,0.8849999904632568,0.8307691812515259,0.8663446307182312,0.8621794581413269,0.8634012341499329,0.8734947443008423,0.8838270902633667,0.9333333373069764,0.8662420511245728,0.9238848090171814,0.8999999761581421,0.7705382704734802,0.9815497994422911,0.8333333134651184,0.9033063054084778,0.12,0.8664495348930359,0.8125,0.8999999761581421,0.9188186526298524,0.8642570376396179,0.8967795372009277,0.9000310897827148,0.8734947443008423,0.375,0.8852458596229553,0.9138076901435852,0.8115941882133484,0.8771929740905762,0.8695651888847351,0.8999999761581421,0.8958147764205933,0.7179487347602844,0.09569072723388672,0.7123287320137024,0.8852458596229553,0.9000310897827148,0.8634012341499329,0.876587450504303,0.09237995743751526,0.92592591047287,0.8155922889709473,0.8256512880325317,0.8725193738937378,0.8999999761581421
smart_init_kenn_top_down_adapter_bert_ms,1,vtiv0eky,0.8826652765274048,0.0948011502623558,0.7027027010917664,0.09116214513778688,0.84375,0.8148147463798523,0.8666666746139526,0.8733333349227905,0.95652174949646,0.7012986540794373,0.8999999761581421,37,0.8949215412139893,0.8686023354530334,0.9123579263687134,0.9195525050163268,0.9110971093177797,0.8593919277191162,0.9268615245819092,1.0,0.09180004894733428,0.9204152822494508,0.9642857313156128,0.75,1.0,0.8467119336128235,0.6585366129875183,0.8916547894477844,0.8874868750572205,0.9006242752075195,0.09028390794992448,0.7096773982048035,0.9090909361839294,0.8566666841506958,0.8709677457809448,0.8518518805503845,0.92321115732193,0.8586925268173218,0.8791587352752686,0.9006242752075195,0.8999999761581421,0.837579607963562,0.9268615245819092,0.8999999761581421,0.8708609342575073,0.9815497994422911,0.800000011920929,0.9110971093177797,0.49,0.8664495348930359,0.8125,0.8813559412956238,0.9195525050163268,0.8860971927642822,0.8949215412139893,0.9029369354248048,0.8791587352752686,0.375,0.931034505367279,0.9123579263687134,0.8709677457809448,0.8727272748947144,0.9523809552192688,0.8999999761581421,0.9174809455871582,0.84375,0.09800510108470915,0.7536231279373169,0.9473683834075928,0.9029369354248048,0.8586925268173218,0.8649197816848755,0.08942241221666336,0.959999978542328,0.8538960814476013,0.8632853627204895,0.8447381258010864,0.8965517282485962
smart_init_kenn_bottom_up_adapter_bert_ms,1,r4925q6k,0.7633644342422485,0.09466231614351273,0.5744680762290955,0.09040825814008711,0.7714285850524902,0.7222221493721008,0.8999999761581421,0.8661110997200012,0.6341463327407837,0.7160493731498718,0.8999999761581421,37,0.8971924185752869,0.8278230428695679,0.9140976667404176,0.9183910489082336,0.901098906993866,0.8767643570899963,0.9227249622344972,0.8709677457809448,0.09365576505661012,0.9204152822494508,0.800000011920929,0.7250000238418579,1.0,0.8778387308120728,0.707317054271698,0.7831994891166687,0.8861871361732483,0.8804038166999817,0.09172265976667404,0.8387096524238586,0.7317073345184326,0.8916666507720947,0.8307691812515259,0.8695651888847351,0.846394956111908,0.8644958734512329,0.872377336025238,0.8804038166999817,0.9333333373069764,0.8726114630699158,0.9227249622344972,0.9333333373069764,0.7465940117835999,0.9815497994422911,0.8333333134651184,0.901098906993866,0.1,0.8664495348930359,0.84375,0.8999999761581421,0.9183910489082336,0.8578236699104309,0.8971924185752869,0.8991414308547974,0.872377336025238,0.375,0.8615384697914124,0.9140976667404176,0.7999999523162842,0.8771929740905762,0.8450704216957092,0.8999999761581421,0.8958147764205933,0.699999988079071,0.09569072723388672,0.6835442781448364,0.8852458596229553,0.8991414308547974,0.8644958734512329,0.8787031173706055,0.09307584911584854,0.92592591047287,0.8046990036964417,0.817101776599884,0.8789777159690857,0.8999999761581421
smart_init_kenn_hybrid_adapter_bert_ms,0,gva1jd2j,0.8754162788391113,0.09428500384092332,0.8965517282485962,0.09133611619472504,0.7941176295280457,0.8666666150093079,0.8666666746139526,0.875,0.8965517282485962,0.746666669845581,0.8999999761581421,49,0.8957473039627075,0.8711309432983398,0.912937879562378,0.91983562707901,0.9111717939376832,0.8653637170791626,0.9268383979797364,0.9642857313156128,0.09243795275688171,0.9204152822494508,0.8709677457809448,0.8235294222831726,0.9666666388511658,0.8576290607452393,0.6829268336296082,0.8850647211074829,0.8826550841331482,0.8993956446647644,0.09098684042692184,0.8387096524238586,0.90625,0.8683333396911621,0.84375,0.8582930564880371,0.923743486404419,0.8607279062271118,0.8796370625495911,0.8993956446647644,0.8333333134651184,0.8503184914588928,0.9268383979797364,0.8999999761581421,0.8725489974021912,0.9815497994422911,0.8666666746139526,0.9111717939376832,0.24,0.8664495348930359,0.8125,0.8813559412956238,0.91983562707901,0.8898163437843323,0.8957473039627075,0.9033937454223632,0.8796370625495911,0.375,0.8852458596229553,0.912937879562378,0.8620689511299133,0.8387096524238586,0.9354838132858276,0.8999999761581421,0.9006514549255371,0.8928571343421936,0.0962073802947998,0.8524590134620667,0.931034505367279,0.9033937454223632,0.8607279062271118,0.8716539144515991,0.09064021706581116,0.8125,0.8612903356552124,0.8659810423851013,0.8567469716072083,0.8965517282485962
smart_init_kenn_top_down_adapter_bert_ms,0,fem75fhx,0.8471377491950989,0.09528546035289764,0.7878788113594055,0.09359776973724364,0.7297297120094299,0.8852458596229553,0.8666666746139526,0.8966667056083679,0.8999999761581421,0.746666669845581,0.8999999761581421,49,0.8971924185752869,0.8689420819282532,0.914039671421051,0.919897735118866,0.9090148210525512,0.8767643570899963,0.925831377506256,0.9642857313156128,0.09365576505661012,0.9204152822494508,0.8235294222831726,0.8235294222831726,0.9666666388511658,0.8787434101104736,0.6829268336296082,0.8593569993972778,0.8920207619667053,0.8946027159690857,0.0933360829949379,0.8709677457809448,0.8787878751754761,0.8916666507720947,0.8059700727462769,0.8695651888847351,0.9060402512550354,0.8646645545959473,0.8793788552284241,0.8946027159690857,0.9333333373069764,0.8726114630699158,0.925831377506256,0.9333333373069764,0.8430769443511963,0.9815497994422911,0.9333333373069764,0.9090148210525512,0.27,0.8664495348930359,0.8125,0.8666666746139526,0.919897735118866,0.8874280452728271,0.8971924185752869,0.9030649662017822,0.8793788552284241,0.375,0.875,0.914039671421051,0.888888955116272,0.888888955116272,0.920634925365448,0.8999999761581421,0.907817542552948,0.8484848737716675,0.09697286039590836,0.8000000715255737,0.931034505367279,0.9030649662017822,0.8646645545959473,0.8941596746444702,0.09307585656642914,0.8484848737716675,0.8575899600982666,0.8632431030273438,0.8799728155136108,0.8666666746139526
smart_init_kenn_bottom_up_adapter_bert_ms,0,e9y8cgfc,0.8872002363204956,0.0942753329873085,0.9285714030265808,0.09116214513778688,0.7941176295280457,0.8771929740905762,0.8666666746139526,0.8733333349227905,0.9615384340286256,0.746666669845581,0.8999999761581421,49,0.8953344225883484,0.8731650114059448,0.9125899076461792,0.9198393821716307,0.911900758743286,0.8621063232421875,0.927204966545105,0.9642857313156128,0.09208999574184418,0.9204152822494508,0.8709677457809448,0.8235294222831726,0.9666666388511658,0.8516661524772644,0.6829268336296082,0.8957774639129639,0.8825645446777344,0.901392936706543,0.09054914861917496,0.8064516186714172,0.90625,0.8616666793823242,0.84375,0.8550724387168884,0.9299474358558656,0.8596161603927612,0.8800089955329895,0.901392936706543,0.8333333134651184,0.843949019908905,0.927204966545105,0.8999999761581421,0.8833333253860474,0.9815497994422911,0.8333333134651184,0.911900758743286,0.28,0.8664495348930359,0.8125,0.8813559412956238,0.9198393821716307,0.8909395337104797,0.8953344225883484,0.903541624546051,0.8800089955329895,0.375,0.8852458596229553,0.9125899076461792,0.8620689511299133,0.8333333134651184,0.9354838132858276,0.8999999761581421,0.9040173888206482,0.8928571343421936,0.09656692296266556,0.8666666150093079,0.931034505367279,0.903541624546051,0.8596161603927612,0.8674607872962952,0.08994433283805847,0.8333333134651184,0.8631922006607056,0.8682997822761536,0.8501878976821899,0.8965517282485962
smart_init_classifier_adapter_bert_ms,2,zxxpj5gg,0.8580563068389893,0.09508467465639114,0.9629629850387572,0.09237995743751526,0.7435897588729858,0.7999999523162842,0.9333333373069764,0.8850000500679016,0.9166666865348816,0.6835443377494812,0.8999999761581421,46,0.8961601853370667,0.8670828342437744,0.9131118059158324,0.9196107387542723,0.9089195728302002,0.8680781126022339,0.9262028932571412,0.931034505367279,0.0927278995513916,0.9204152822494508,0.9642857313156128,0.7105262875556946,1.0,0.8648936748504639,0.6585366129875183,0.8692830204963684,0.8901411890983582,0.8964532613754272,0.09176701307296752,0.7096773982048035,0.8823529481887817,0.8733333349227905,0.8405797481536865,0.8615136742591858,0.9052453637123108,0.8620823621749878,0.8789319396018982,0.8964532613754272,0.7666666507720947,0.8566879034042358,0.9262028932571412,0.8999999761581421,0.840624988079071,0.9815497994422911,1.0,0.9089195728302002,0.3,0.8664495348930359,0.8125,0.7999999523162842,0.9196107387542723,0.882838249206543,0.8961601853370667,0.9024947881698608,0.8789319396018982,0.375,0.931034505367279,0.9131118059158324,0.8518518805503845,0.8955223560333252,0.9375,0.9666666388511658,0.913354992866516,0.9583333134651184,0.09756436944007874,0.8813559412956238,0.915254294872284,0.9024947881698608,0.8620823621749878,0.8791279792785645,0.09116214513778688,0.8108108043670654,0.8485804796218872,0.8613842129707336,0.8647381067276001,0.699999988079071
smart_init_classifier_adapter_bert_ms,1,vglb5qdv,0.8362628221511841,0.09564784914255142,0.6136363744735718,0.0927279070019722,0.7941176295280457,0.7931034564971924,0.8666666746139526,0.8883333206176758,0.8518518805503845,0.7179487347602844,0.8999999761581421,37,0.8961601853370667,0.8565722703933716,0.913285791873932,0.9193317294120787,0.9073996543884276,0.8691638708114624,0.9254581928253174,0.9642857313156128,0.09284389019012453,0.9204152822494508,0.9655172228813172,0.7567567825317383,1.0,0.8637935519218445,0.6829268336296082,0.8494707942008972,0.895413339138031,0.8927594423294067,0.09211497753858566,0.7419354915618896,0.8571428656578064,0.8766666650772095,0.84375,0.8615136742591858,0.8931552767753601,0.8618772029876709,0.877046525478363,0.8927594423294067,0.9333333373069764,0.8566879034042358,0.9254581928253174,0.9333333373069764,0.8201219439506531,0.9815497994422911,0.8333333134651184,0.9073996543884276,0.28,0.8664495348930359,0.84375,0.8813559412956238,0.9193317294120787,0.8770492076873779,0.8961601853370667,0.9017449021339417,0.877046525478363,0.375,0.9491525292396544,0.913285791873932,0.8235294222831726,0.8771929740905762,0.9230769276618958,0.8999999761581421,0.923297643661499,0.7368420958518982,0.09862643480300903,0.7105263471603394,0.931034505367279,0.9017449021339417,0.8618772029876709,0.8824614882469177,0.0915100947022438,0.92592591047287,0.8380062580108643,0.8496766686439514,0.8635278940200806,0.8965517282485962
smart_init_classifier_adapter_bert_ms,0,avc5g7dj,0.8556509017944336,0.09491630643606186,0.8125,0.09237995743751526,0.7714285850524902,0.8620690107345581,0.8666666746139526,0.8850000500679016,0.92592591047287,0.7368420958518982,0.8999999761581421,49,0.8961601853370667,0.86543869972229,0.9132277965545654,0.9196489453315736,0.909681499004364,0.8686209917068481,0.9261610507965088,0.9642857313156128,0.09278589487075806,0.9204152822494508,0.8235294222831726,0.800000011920929,0.9666666388511658,0.8637874126434326,0.6829268336296082,0.8670963048934937,0.888564944267273,0.8960455656051636,0.09185506403446198,0.8064516186714172,0.8787878751754761,0.875,0.8307691812515259,0.8615136742591858,0.9114139676094056,0.8618761301040649,0.8786287307739258,0.8960455656051636,0.8333333134651184,0.8566879034042358,0.9261610507965088,0.9333333373069764,0.8512658476829529,0.9815497994422911,0.9333333373069764,0.909681499004364,0.31,0.8664495348930359,0.8125,0.8524589538574219,0.9196489453315736,0.885761559009552,0.8961601853370667,0.902870237827301,0.8786287307739258,0.375,0.875,0.9132277965545654,0.8620689511299133,0.888888955116272,0.920634925365448,0.8999999761581421,0.9094462394714355,0.8928571343421936,0.09714683890342712,0.8125,0.931034505367279,0.902870237827301,0.8618761301040649,0.8799716234207153,0.09133611619472504,0.8484848737716675,0.8539682626724243,0.8595680594444275,0.863521158695221,0.8387096524238586
