name,instance,run_id,test_pretraining/macro_types/f1,test_incremental/macro_example/recall,test/macro_example/recall,test_incremental_only/micro/f1,test_pretraining/macro_types/recall,test_incremental/micro/f1,test_incremental_SUBSTANCE-DRUG/macro_types/f1,test_incremental_SUBSTANCE-CHEMICAL/macro_types/f1,test_incremental_SUBSTANCE-FOOD/macro_types/precision,test_incremental_only/macro_example_exclusive/recall,test_incremental/macro_types/f1,test_incremental/macro_types/precision,test_incremental_SUBSTANCE-FOOD/macro_types/f1,test_incremental_only/macro_example_exclusive/f1,test_incremental_SUBSTANCE-CHEMICAL/macro_types/precision,test_incremental/macro_types/recall,test_incremental_only/macro_example/precision,test_incremental_SUBSTANCE-DRUG/macro_types/recall,threshold_pretraining,test_pretraining/micro/f1,test/macro_example/precision,test_incremental_SUBSTANCE/macro_types/precision,test/micro/recall,test/macro_types/recall,test_incremental/macro_example/f1,test_incremental_only/macro_types/f1,test_incremental_only/macro_types/precision,test_pretraining/micro/precision,test_pretraining/macro_example/f1,test_pretraining/macro_types/precision,test_incremental/macro_example_exclusive/precision,test/macro_types/precision,test_pretraining/macro_example/recall,test_incremental_SUBSTANCE/macro_types/f1,test_incremental/macro_example_exclusive/f1,test_incremental/macro_example_exclusive/recall,threshold_incremental,test_incremental/micro/precision,test_incremental_only/micro/recall,test_incremental_only/micro/precision,test/micro/precision,test/macro_example/f1,test_incremental_only/macro_example/f1,test_incremental_SUBSTANCE-CHEMICAL/macro_types/recall,test/micro/f1,test_incremental/micro/recall,test_incremental/macro_example/precision,test_incremental_SUBSTANCE/macro_types/recall,test_pretraining/macro_example/precision,epoch,test_incremental_SUBSTANCE-FOOD/macro_types/recall,test_pretraining/micro/recall,test_incremental_only/macro_types/recall,test/macro_types/f1,test_incremental_SUBSTANCE-DRUG/macro_types/precision,test_incremental_only/macro_example_exclusive/precision,test_incremental_only/macro_example/recall
no_init_box_kenn_horizontal_adapter_bert_ms,2,e6u5el68,0.7962417006492615,0.043041154742240906,0.8254005312919617,0.1621621549129486,0.749620795249939,0.5870968103408813,0.1666666716337204,0.1860465109348297,1.0,0.0882352963089943,0.44117650389671326,0.8880733847618103,0.125,0.09625668078660964,0.800000011920929,0.2934875190258026,0.008482563309371471,0.09090909361839294,0.175,0.8031442761421204,0.8272070288658142,0.752293586730957,0.8070054650306702,0.749620795249939,0.05529046803712845,0.16018883883953094,0.9333333969116212,0.7993197441101074,0.8263027667999268,0.8490461111068726,0.9111111760139464,0.8490461111068726,0.8254005312919617,0.8241206407546997,0.651813268661499,0.5074074268341064,0.03,0.7647058963775635,0.0891089141368866,0.8999999761581421,0.7993197441101074,0.8263027667999268,0.007711421698331833,0.10526315867900848,0.8031442761421204,0.47643980383872986,0.07728558033704758,0.9111111164093018,0.8272070288658142,54,0.06666667014360428,0.8070054650306702,0.08761297166347504,0.7962417006492615,1.0,0.10588235408067705,0.007068803068250418
no_init_box_kenn_horizontal_adapter_bert_ms,1,3zyon8zb,0.809118926525116,0.04979579150676727,0.8313697576522827,0.37795278429985046,0.7738716006278992,0.650306761264801,0.41860467195510864,0.30434781312942505,1.0,0.25294119119644165,0.5585152506828308,0.8818234205245972,0.4210526645183563,0.26683905720710754,0.875,0.4086788892745972,0.022620169445872307,0.27272728085517883,0.175,0.808973491191864,0.8273640871047974,0.752293586730957,0.817307710647583,0.7738716006278992,0.06056744232773781,0.3826292157173157,0.9250000715255736,0.800807535648346,0.8293620944023132,0.8477303385734558,0.9111111760139464,0.8477303385734558,0.8313697576522827,0.8241206407546997,0.7140228748321533,0.5870370864868164,0.01,0.7851851582527161,0.23762376606464383,0.9230769276618958,0.800807535648346,0.8293620944023132,0.021377302706241608,0.18421052396297455,0.808973491191864,0.554973840713501,0.07728558033704758,0.9111111164093018,0.8273640871047974,46,0.2666666805744171,0.817307710647583,0.2412015050649643,0.809118926525116,0.8999999761581421,0.2823529541492462,0.020263902842998505
no_init_box_kenn_horizontal_adapter_bert_ms,0,ndans04j,0.7491685152053833,0.042098648846149445,0.8247722387313843,0.11214953660964966,0.7440973520278931,0.5751633644104004,0.0,0.27272725105285645,0.0,0.07058823853731155,0.33197683095932007,0.43807339668273926,0.0,0.07058823853731155,1.0,0.26725146174430847,0.005655042361468077,0.0,0.175,0.8021903038024902,0.8273640871047974,0.752293586730957,0.8049450516700745,0.7440973520278931,0.05450667068362236,0.09090908616781236,0.3333333432674408,0.7994542717933655,0.8260661363601685,0.7543092966079712,0.9111111760139464,0.7543092966079712,0.8247722387313843,0.8241206407546997,0.6425731182098389,0.4962963163852692,0.01,0.7652173638343811,0.059405941516160965,1.0,0.7994542717933655,0.8260661363601685,0.005655042361468077,0.15789473056793213,0.8021903038024902,0.4607329964637756,0.07728558033704758,0.9111111164093018,0.8273640871047974,34,0.0,0.8049450516700745,0.05263157933950424,0.7491685152053833,0.0,0.07058823853731155,0.005655042361468077
no_init_box_kenn_hybrid_adapter_bert_ms,2,69o7aahd,0.7892602682113647,0.08184103667736053,0.8600376844406128,0.0615103542804718,0.8936818838119507,0.10508183389902116,0.06032906472682953,0.06915377825498581,0.02827521227300167,1.0,0.34827643632888794,0.2118716984987259,0.05499541386961937,0.5674157738685608,0.035815268754959106,0.9777777791023254,0.031731072813272476,1.0,0.175,0.4154779613018036,0.2686167359352112,0.752293586730957,0.870192289352417,0.8936818838119507,0.057349950075149536,0.0615103542804718,0.031731072813272476,0.27288392186164856,0.40937331318855286,0.706687867641449,0.520370364189148,0.706687867641449,0.8600376844406128,0.8241206407546997,0.6760921478271484,0.9648149013519288,0.0,0.055589307099580765,1.0,0.031731072813272476,0.27288392186164856,0.40937331318855286,0.04545743763446808,1.0,0.4154779613018036,0.9581151604652404,0.04414074495434761,0.9111111164093018,0.2686167359352112,34,1.0,0.870192289352417,1.0,0.7892602682113647,0.031102733686566353,0.3960784673690796,0.08011309802532196
no_init_box_kenn_top_down_adapter_bert_ms,2,qmbnlv0p,0.7934275269508362,0.04476908594369888,0.8264216184616089,0.20512820780277252,0.7548335790634155,0.594936728477478,0.05882353335618973,0.21276597678661344,1.0,0.1352941244840622,0.45961737632751465,0.8269622921943665,0.3333333134651184,0.1381727159023285,0.5555555820465088,0.31824827194213867,0.01131008379161358,0.03030303120613098,0.175,0.8035470247268677,0.8273640871047974,0.752293586730957,0.8090659379959106,0.7548335790634155,0.05694764852523804,0.21132919192314148,0.8518518805503845,0.7981029748916626,0.826892614364624,0.8361806869506836,0.9222222566604614,0.8361806869506836,0.8264216184616089,0.8241206407546997,0.6713495254516602,0.5277777910232544,0.01,0.7519999742507935,0.11881188303232192,0.75,0.7981029748916626,0.826892614364624,0.011069444008171558,0.1315789520740509,0.8035470247268677,0.4921466112136841,0.07822808623313904,0.9111111164093018,0.8273640871047974,34,0.20000000298023224,0.8090659379959106,0.12062733620405196,0.7934275269508362,1.0,0.1411764770746231,0.010838830843567848
no_init_box_kenn_bottom_up_adapter_bert_ms,2,7n37sf26,0.7892602682113647,0.08184103667736053,0.8600376844406128,0.0615103542804718,0.8936818838119507,0.10508183389902116,0.06032906472682953,0.06915377825498581,0.02827521227300167,1.0,0.34827643632888794,0.2118716984987259,0.05499541386961937,0.5674157738685608,0.035815268754959106,0.9777777791023254,0.031731072813272476,1.0,0.175,0.4154779613018036,0.2686167359352112,0.752293586730957,0.870192289352417,0.8936818838119507,0.057349950075149536,0.0615103542804718,0.031731072813272476,0.27288392186164856,0.40937331318855286,0.706687867641449,0.520370364189148,0.706687867641449,0.8600376844406128,0.8241206407546997,0.6760921478271484,0.9648149013519288,0.0,0.055589307099580765,1.0,0.031731072813272476,0.27288392186164856,0.40937331318855286,0.04545743763446808,1.0,0.4154779613018036,0.9581151604652404,0.04414074495434761,0.9111111164093018,0.2686167359352112,34,1.0,0.870192289352417,1.0,0.7892602682113647,0.031102733686566353,0.3960784673690796,0.08011309802532196
no_init_box_kenn_hybrid_adapter_bert_ms,1,g1kdiup3,0.7456422448158264,0.03974238038063049,0.8224159479141235,0.019607841968536377,0.7371721863746643,0.5514950156211853,0.0,0.05128205195069313,0.0,0.0117647061124444,0.3053564727306366,0.43807339668273926,0.0,0.0117647061124444,1.0,0.23435673117637632,0.0009425070602446796,0.0,0.175,0.8001371026039124,0.8273640871047974,0.752293586730957,0.8015109896659851,0.7371721863746643,0.05249195173382759,0.017094016075134277,0.3333333432674408,0.7987679839134216,0.8248826265335083,0.7543092966079712,0.9111111760139464,0.7543092966079712,0.8224159479141235,0.8241206407546997,0.6188217997550964,0.4685185551643371,0.15000000000000002,0.7545454502105713,0.009900989942252636,1.0,0.7987679839134216,0.8248826265335083,0.0009425070602446796,0.02631578966975212,0.8001371026039124,0.43455496430397034,0.07728558033704758,0.9111111164093018,0.8273640871047974,35,0.0,0.8015109896659851,0.008771929889917374,0.7456422448158264,0.0,0.0117647061124444,0.0009425070602446796
no_init_box_kenn_top_down_adapter_bert_ms,1,6irnlh43,0.7888622283935547,0.04775369167327881,0.8290920257568359,0.27906978130340576,0.7637230157852173,0.6097561120986938,0.111111119389534,0.3214285969734192,1.0,0.2117647230625153,0.48256927728652954,0.7297400832176208,0.3783783614635467,0.21176473796367645,0.5,0.3604731559753418,0.016965126618742943,0.06060606241226196,0.175,0.804347813129425,0.826264500617981,0.752293586730957,0.8131868243217468,0.7637230157852173,0.05903220176696777,0.28422582149505615,0.7222222089767456,0.7956989407539368,0.8276758193969727,0.8157128095626831,0.9111111760139464,0.8157128095626831,0.8290920257568359,0.8241206407546997,0.6959240436553955,0.5629629492759705,0.01,0.7299270033836365,0.1782178282737732,0.6428571343421936,0.7956989407539368,0.8276758193969727,0.016965126618742943,0.2368421107530594,0.804347813129425,0.5235602259635925,0.07728558033704758,0.9111111164093018,0.826264500617981,35,0.23333333432674408,0.8131868243217468,0.17692717909812927,0.7888622283935547,0.6666666865348816,0.2117647230625153,0.016965126618742943
no_init_box_kenn_bottom_up_adapter_bert_ms,1,qnnq97zw,0.7456422448158264,0.03974238038063049,0.8224159479141235,0.019607841968536377,0.7371721863746643,0.5514950156211853,0.0,0.05128205195069313,0.0,0.0117647061124444,0.3053564727306366,0.43807339668273926,0.0,0.0117647061124444,1.0,0.23435673117637632,0.0009425070602446796,0.0,0.175,0.8001371026039124,0.8273640871047974,0.752293586730957,0.8015109896659851,0.7371721863746643,0.05249195173382759,0.017094016075134277,0.3333333432674408,0.7987679839134216,0.8248826265335083,0.7543092966079712,0.9111111760139464,0.7543092966079712,0.8224159479141235,0.8241206407546997,0.6188217997550964,0.4685185551643371,0.060000000000000005,0.7545454502105713,0.009900989942252636,1.0,0.7987679839134216,0.8248826265335083,0.0009425070602446796,0.02631578966975212,0.8001371026039124,0.43455496430397034,0.07728558033704758,0.9111111164093018,0.8273640871047974,35,0.0,0.8015109896659851,0.008771929889917374,0.7456422448158264,0.0,0.0117647061124444,0.0009425070602446796
no_init_box_kenn_hybrid_adapter_bert_ms,0,xd9l7q07,0.8158251047134399,0.05199497193098068,0.8325479030609131,0.43076926469802856,0.7802595496177673,0.6686930060386658,0.307692289352417,0.4081632792949677,1.0,0.3117647171020508,0.5934235453605652,0.9153461456298828,0.5714285969734192,0.320345401763916,0.9090909361839294,0.4390218257904053,0.02639019675552845,0.1818181872367859,0.175,0.8108658790588379,0.8272070288658142,0.752293586730957,0.8200549483299255,0.7802595496177673,0.06216653063893318,0.4365243315696716,0.9696969985961914,0.8018804788589478,0.8298688530921936,0.8547877669334412,0.9111111760139464,0.8547877669334412,0.8325479030609131,0.8241206407546997,0.73287433385849,0.6129629611968994,0.01,0.7971014380455017,0.2772277295589447,0.9655172228813172,0.8018804788589478,0.8298688530921936,0.025663860142230988,0.2631579041481018,0.8108658790588379,0.5759162306785583,0.07728558033704758,0.9111111164093018,0.8272070288658142,43,0.4000000059604645,0.8200549483299255,0.28165870904922485,0.8158251047134399,1.0,0.3294117748737335,0.02497643604874611
no_init_box_kenn_top_down_adapter_bert_ms,0,iep7yye7,0.8130130767822266,0.050738297402858734,0.8312912583351135,0.39370080828666687,0.7755252122879028,0.6564417481422424,0.2631579041481018,0.375,1.0,0.2823529541492462,0.5720875859260559,0.9130734205245972,0.5365853905677795,0.2881152629852295,0.8999999761581421,0.41653376817703247,0.023562677204608917,0.1515151560306549,0.175,0.8096532821655273,0.8272070288658142,0.752293586730957,0.8179945349693298,0.7755252122879028,0.061259493231773376,0.3993716537952423,0.9666666984558104,0.8014804720878601,0.829244077205658,0.8543093204498291,0.9111111760139464,0.8543093204498291,0.8312912583351135,0.8241206407546997,0.7221813201904297,0.5981481671333313,0.05,0.7925925850868225,0.24752475321292877,0.9615384340286256,0.8014804720878601,0.829244077205658,0.02308180555701256,0.2368421107530594,0.8096532821655273,0.5602094531059265,0.07728558033704758,0.9111111164093018,0.8272070288658142,43,0.36666667461395264,0.8179945349693298,0.2516746520996094,0.8130130767822266,1.0,0.29411765933036804,0.022620171308517456
no_init_box_kenn_bottom_up_adapter_bert_ms,0,z8ck27ri,0.8119869828224182,0.050267040729522705,0.8308199644088745,0.380952388048172,0.7741401791572571,0.6523077487945557,0.2631579041481018,0.3404255509376526,1.0,0.2705882489681244,0.5653170943260193,0.9102956056594848,0.5365853905677795,0.276345431804657,0.8888888955116272,0.4099548161029816,0.02262016758322716,0.1515151560306549,0.175,0.8092485666275024,0.8272070288658142,0.752293586730957,0.817307710647583,0.7741401791572571,0.06091473624110222,0.38794755935668945,0.9629629850387572,0.8013467788696289,0.8290095329284668,0.853724479675293,0.9111111760139464,0.853724479675293,0.8308199644088745,0.8241206407546997,0.7181171774864197,0.5925925970077515,0.01,0.7910447716712952,0.23762376606464383,0.959999978542328,0.8013467788696289,0.8290095329284668,0.022138888016343117,0.21052631735801697,0.8092485666275024,0.554973840713501,0.07728558033704758,0.9111111164093018,0.8272070288658142,44,0.36666667461395264,0.817307710647583,0.2429027259349823,0.8119869828224182,1.0,0.2823529541492462,0.021677661687135696
no_init_kenn_hybrid_adapter_bert_ms,2,0rabtnea,0.8020557165145874,0.07885642349720001,0.8569745421409607,0.4631579220294952,0.8814643621444702,0.6058520078659058,0.5137614607810974,0.5,0.24786324799060824,0.9000000357627869,0.5936658978462219,0.44238555431365967,0.3945578336715698,0.8222485184669495,0.3604651093482971,0.9021796584129332,0.06063462048768997,0.8484848737716675,0.25,0.7841436862945557,0.7632265090942383,0.792792797088623,0.8695054650306702,0.8814643621444702,0.07362166792154312,0.4748689234256744,0.32558315992355347,0.7140439748764038,0.8073882460594177,0.7357720136642456,0.8138889074325562,0.7357720136642456,0.8569745421409607,0.8756219148635864,0.8679176568984985,0.929629683494568,0.02,0.4512820541858673,0.8712871074676514,0.3154121935367584,0.7140439748764038,0.8073882460594177,0.06587287038564682,0.8157894611358643,0.7841436862945557,0.9214659929275512,0.06903864443302155,0.9777777791023254,0.7632265090942383,54,0.9666666388511658,0.8695054650306702,0.8769803643226624,0.8020557165145874,0.3684210479259491,0.7568627595901489,0.07210178673267365
no_init_kenn_top_down_adapter_bert_ms,2,txppqzg7,0.8090614080429077,0.07178762555122375,0.8499057292938232,0.5725806355476379,0.8551821708679199,0.7082405686378479,0.6875,0.5647059082984924,0.36231884360313416,0.7352942228317261,0.6733219027519226,0.5938568115234375,0.505050539970398,0.7742870450019836,0.5106382966041565,0.7773391604423523,0.06550423800945282,0.6666666865348816,0.25,0.8065870404243469,0.7930411696434021,0.792792797088623,0.8578296899795532,0.8551821708679199,0.0749414712190628,0.6055136322975159,0.5275448560714722,0.7611212730407715,0.8204893469810486,0.7676607370376587,0.924074113368988,0.7676607370376587,0.8499057292938232,0.8756219148635864,0.8834766745567322,0.8462963104248047,0.22,0.6162790656089783,0.7029703259468079,0.4829931855201721,0.7611212730407715,0.8204893469810486,0.062030527740716934,0.6315789222717285,0.8065870404243469,0.8324607610702515,0.07838517427444458,0.9777777791023254,0.7930411696434021,54,0.8333333134651184,0.8578296899795532,0.7105263471603394,0.8090614080429077,0.7096773982048035,0.8176470994949341,0.058906689286231995
no_init_kenn_bottom_up_adapter_bert_ms,2,p322pz2z,0.8154906630516052,0.07540056109428406,0.8535187244415283,0.626984179019928,0.8676307201385498,0.7373068332672119,0.694444477558136,0.6067416071891785,0.4426229596138001,0.8235294818878174,0.6997627019882202,0.6014633178710938,0.5934065580368042,0.8379773497581482,0.529411792755127,0.8364699482917786,0.0683317631483078,0.7575757503509521,0.25,0.8107062578201294,0.7957115769386292,0.792792797088623,0.8633241653442383,0.8676307201385498,0.07617788761854172,0.6396610140800476,0.537686824798584,0.7641337513923645,0.8236021399497986,0.7692620754241943,0.9074074029922484,0.7692620754241943,0.8535187244415283,0.8756219148635864,0.8980527520179749,0.888888955116272,0.06999999999999999,0.6374045610427856,0.7821782231330872,0.5231788158416748,0.7641337513923645,0.8236021399497986,0.06713295727968216,0.7105262875556946,0.8107062578201294,0.8743455410003662,0.07697141170501709,0.9777777791023254,0.7957115769386292,54,0.8999999761581421,0.8633241653442383,0.7893673777580261,0.8154906630516052,0.6410256624221802,0.8529412150382996,0.06597548723220825
no_init_kenn_hybrid_adapter_bert_ms,1,dotawf98,0.8123295903205872,0.07540056109428406,0.8535187244415283,0.6070038676261902,0.8666150569915771,0.7248907685279846,0.6578946709632874,0.5208333134651184,0.5090909004211426,0.8294118046760559,0.6824051737785339,0.5785783529281616,0.6588234901428223,0.8124033212661743,0.43103447556495667,0.8316453695297241,0.06377630680799484,0.7575757503509521,0.25,0.8087573051452637,0.7984448671340942,0.792792797088623,0.8626373410224915,0.8666150569915771,0.07379629462957382,0.6155821084976196,0.5071735382080078,0.7612121105194092,0.8250637054443359,0.7644442319869995,0.8518519401550293,0.7644442319869995,0.8535187244415283,0.8756219148635864,0.8699764609336853,0.888888955116272,0.06999999999999999,0.6217228174209595,0.7722772359848022,0.5,0.7612121105194092,0.8250637054443359,0.06508414447307587,0.6578947305679321,0.8087573051452637,0.8691099286079407,0.07225887477397919,0.9777777791023254,0.7984448671340942,35,0.9333333373069764,0.8626373410224915,0.7829346656799316,0.8123295903205872,0.5813953280448914,0.7960784435272217,0.06644675135612488
no_init_kenn_top_down_adapter_bert_ms,1,v9er0u26,0.7930785417556763,0.07430097460746765,0.8524191379547119,0.4245809912681579,0.8636350631713867,0.5867620706558228,0.4848484992980957,0.3243243098258972,0.34567901492118835,0.8000000715255737,0.5636271834373474,0.43007251620292664,0.5045045018196106,0.8256228566169739,0.2181818187236786,0.8174906969070435,0.0683317631483078,0.7272727489471436,0.25,0.7820392847061157,0.7720074653625488,0.792792797088623,0.8612637519836426,0.8636350631713867,0.07515500485897064,0.4402081072330475,0.30916574597358704,0.7161622047424316,0.8102231025695801,0.7331798076629639,0.8962963819503784,0.7331798076629639,0.8524191379547119,0.8756219148635864,0.8859941363334656,0.8759260177612305,0.14,0.44565218687057495,0.7524752616882324,0.29571983218193054,0.7161622047424316,0.8102231025695801,0.06614319980144501,0.6315789222717285,0.7820392847061157,0.8586387634277344,0.07602889835834503,0.9777777791023254,0.7720074653625488,36,0.9333333373069764,0.8612637519836426,0.764061689376831,0.7930785417556763,0.3636363744735718,0.8529412150382996,0.06409047544002533
no_init_kenn_bottom_up_adapter_bert_ms,1,ck0lrij8,0.8122615814208984,0.07618598639965057,0.8543041348457336,0.6060606241226196,0.869594931602478,0.72258061170578,0.5909091234207153,0.5531914830207825,0.5384615659713745,0.8470588326454163,0.6789389252662659,0.5670668482780457,0.6829268932342529,0.814479649066925,0.4642857015132904,0.8458001613616943,0.06283380091190338,0.7878788113594055,0.25,0.8082236051559448,0.7956173419952393,0.792792797088623,0.8640109896659851,0.869594931602478,0.07371267676353455,0.6096768975257874,0.4918248653411865,0.7592033743858337,0.823917031288147,0.7620207071304321,0.8416666984558105,0.7620207071304321,0.8543041348457336,0.8756219148635864,0.8689906001091003,0.8981481790542603,0.13,0.6131386756896973,0.7920792102813721,0.4907975494861603,0.7592033743858337,0.823917031288147,0.06525049358606339,0.6842105388641357,0.8082236051559448,0.8795811533927917,0.0713949054479599,0.9777777791023254,0.7956173419952393,24,0.9333333373069764,0.8640109896659851,0.8018075823783875,0.8122615814208984,0.4727272689342499,0.7843137979507446,0.06786050647497177
no_init_kenn_hybrid_adapter_bert_ms,0,89osa1dp,0.7909839749336243,0.07932767271995544,0.8574458360671997,0.33652007579803467,0.8809943199157715,0.48618781566619873,0.3199999928474426,0.39080461859703064,0.17751479148864746,0.917647123336792,0.5105510354042053,0.35635894536972046,0.30150753259658813,0.8480324745178223,0.25,0.8999468088150024,0.06314797699451447,0.7272727489471436,0.25,0.7508896589279175,0.7295790314674377,0.792792797088623,0.8695054650306702,0.8809943199157715,0.0741841271519661,0.33977946639060974,0.21088100969791412,0.6607515811920166,0.7883613109588623,0.7176612019538879,0.8212963342666626,0.7176612019538879,0.8574458360671997,0.8756219148635864,0.8745485544204712,0.9351851940155028,0.02,0.33020636439323425,0.8712871074676514,0.20853079855442047,0.6607515811920166,0.7883613109588623,0.06793850660324097,0.8947368264198303,0.7508896589279175,0.9214659929275512,0.06966698169708252,0.9777777791023254,0.7295790314674377,35,1.0,0.8695054650306702,0.8740031719207764,0.7909839749336243,0.20512820780277252,0.7882353663444519,0.07351554930210114
no_init_kenn_top_down_adapter_bert_ms,0,vpdtfpwn,0.7785784602165222,0.08089852333068848,0.8590166568756104,0.09851694852113724,0.888968825340271,0.17328865826129913,0.0981387495994568,0.10149253904819489,0.05025125667452812,0.9470588564872742,0.3786379396915436,0.2372032105922699,0.09569378197193146,0.7838521003723145,0.05379746854305267,0.937825620174408,0.053565818816423416,0.8787878751754761,0.25,0.5366265773773193,0.5022619962692261,0.792792797088623,0.8729395866394043,0.888968825340271,0.0703812688589096,0.0984738916158676,0.05200668424367905,0.3873818814754486,0.6338914036750793,0.6925758123397827,0.7342592477798462,0.6925758123397827,0.8590166568756104,0.8756219148635864,0.8297170400619507,0.953703761100769,0.02,0.0953635424375534,0.9207921028137208,0.05204252898693085,0.3873818814754486,0.6338914036750793,0.06279682368040085,0.8947368264198303,0.5366265773773193,0.9476439952850342,0.06228400766849518,0.9777777791023254,0.5022619962692261,35,1.0,0.8729395866394043,0.9245082139968872,0.7785784602165222,0.051971327513456345,0.6686275005340576,0.07587181776762009
no_init_kenn_bottom_up_adapter_bert_ms,0,q6b5brxd,0.7918771505355835,0.07932767271995544,0.8574458360671997,0.3492063283920288,0.8809943199157715,0.4992907643318176,0.3287671208381653,0.4023669064044952,0.18867924809455872,0.917647123336792,0.5176870226860046,0.36335083842277527,0.3174603283405304,0.8592514395713806,0.25954198837280273,0.8999468088150024,0.0647188201546669,0.7272727489471436,0.25,0.7551445960998535,0.7334119081497192,0.792792797088623,0.8695054650306702,0.8809943199157715,0.07480296492576599,0.35177740454673767,0.22020354866981504,0.667369544506073,0.7905936241149902,0.7191331386566162,0.8342592716217041,0.7191331386566162,0.8574458360671997,0.8756219148635864,0.8818438649177551,0.9351851940155028,0.02,0.34241244196891785,0.8712871074676514,0.21836228668689728,0.667369544506073,0.7905936241149902,0.06883728504180908,0.8947368264198303,0.7551445960998535,0.9214659929275512,0.07076656818389893,0.9777777791023254,0.7334119081497192,35,1.0,0.8695054650306702,0.8740031719207764,0.7918771505355835,0.21238937973976135,0.8078432083129883,0.07351554930210114
no_init_kenn_horizontal_adapter_bert_ms,2,n59ukvrr,0.8149919509887695,0.06566132605075836,0.8446434140205383,0.6129032373428345,0.833264946937561,0.7493540048599243,0.6666666865348816,0.5135135054588318,0.6774193644523621,0.5882353782653809,0.7030395865440369,0.7356085777282715,0.688524603843689,0.6267180442810059,0.5277777910232544,0.6732323169708252,0.05372290313243866,0.5151515007019043,0.25,0.813838541507721,0.8100062608718872,0.792792797088623,0.8482142686843872,0.833264946937561,0.07292598485946655,0.6359911561012268,0.7165471911430359,0.7821406126022339,0.8269622325897217,0.7975032329559326,0.9666666984558104,0.7975032329559326,0.8446434140205383,0.8756219148635864,0.8597163558006287,0.7740740776062012,0.34,0.7397959232330322,0.5643564462661743,0.6705882549285889,0.7821406126022339,0.8269622325897217,0.05020831897854805,0.5,0.813838541507721,0.7591623067855835,0.08199811726808548,0.9777777791023254,0.8100062608718872,48,0.699999988079071,0.8482142686843872,0.5717172026634216,0.8149919509887695,0.9444444179534912,0.6705882549285889,0.047125354409217834
no_init_kenn_horizontal_adapter_bert_ms,1,urtsjxsk,0.804926872253418,0.07257304340600967,0.8508482575416565,0.5634920597076416,0.8561307191848755,0.7019867897033691,0.5542168617248535,0.5384615659713745,0.4426229596138001,0.7647058963775635,0.6492472290992737,0.5551039576530457,0.5934065580368042,0.7875330448150635,0.5249999761581421,0.7818447351455688,0.06503298878669739,0.6969696879386902,0.25,0.8055465221405029,0.792726993560791,0.792792797088623,0.8578296899795532,0.8561307191848755,0.07426078617572784,0.5719183087348938,0.47587430477142334,0.7592704892158508,0.8207600116729736,0.7595022320747375,0.8962963223457336,0.7595022320747375,0.8508482575416565,0.8756219148635864,0.8754522204399109,0.855555534362793,0.23,0.6068702340126038,0.7029703259468079,0.4701986610889435,0.7592704892158508,0.8207600116729736,0.0630917027592659,0.5526315569877625,0.8055465221405029,0.8324607610702515,0.07602889835834503,0.9777777791023254,0.792726993560791,24,0.8999999761581421,0.8578296899795532,0.7165337800979614,0.804926872253418,0.4600000083446502,0.8117647767066956,0.061262957751750946
no_init_kenn_horizontal_adapter_bert_ms,0,bt1dclo2,0.8023203015327454,0.0802701860666275,0.8583883047103882,0.4375000298023224,0.8857790231704712,0.5802268981933594,0.41538459062576294,0.5862069129943848,0.2142857164144516,0.9352941513061525,0.586924135684967,0.43033161759376526,0.3529411852359772,0.893293023109436,0.43589743971824646,0.9226740598678588,0.06848884373903275,0.8181818127632141,0.25,0.7773354053497314,0.7465441226959229,0.792792797088623,0.8715659379959106,0.8857790231704712,0.07674452662467957,0.4611779749393463,0.3095112144947052,0.7014925479888916,0.7985691428184509,0.7332344055175781,0.8666666746139526,0.7332344055175781,0.8583883047103882,0.8756219148635864,0.9047327637672424,0.9462963342666626,0.02,0.4201878011226654,0.9009901285171508,0.2888889014720917,0.7014925479888916,0.7985691428184509,0.07156446576118469,0.8947368264198303,0.7773354053497314,0.9371727705001832,0.07351554930210114,0.9777777791023254,0.7465441226959229,35,1.0,0.8715659379959106,0.9043062925338744,0.8023203015327454,0.27835050225257874,0.8549020290374756,0.07492931187152863
smart_init_box_adapter_bert_ms,2,9506vcpg,0.807197093963623,0.07759974896907806,0.8559535145759583,0.439024418592453,0.8770278096199036,0.5648604035377502,0.4117647111415863,0.4680851399898529,0.28155338764190674,0.9058824181556702,0.559807300567627,0.4065200090408325,0.4360902607440949,0.507971465587616,0.3203883469104767,0.8986709117889404,0.02827521413564682,0.8484848737716675,0.175,0.7789146900177002,0.7923028469085693,0.752293586730957,0.8626373410224915,0.8770278096199036,0.05471646413207054,0.4394400715827942,0.291262149810791,0.7100056409835815,0.8228992223739624,0.7476664781570435,0.4981481730937958,0.7476664781570435,0.8559535145759583,0.8241206407546997,0.6450464129447937,0.9148148894309998,0.19,0.4114832580089569,0.8910890817642212,0.291262149810791,0.7100056409835815,0.8228992223739624,0.04069516807794571,0.8684210777282715,0.7789146900177002,0.9005235433578491,0.04225572943687439,0.9111111164093018,0.7923028469085693,19,0.9666666388511658,0.8626373410224915,0.8945242762565613,0.807197093963623,0.27184465527534485,0.35294121503829956,0.07257304340600967
smart_init_box_adapter_bert_ms,1,s1u80mq3,0.8008760809898376,0.07461513578891754,0.8528118133544922,0.41860464215278625,0.8638824820518494,0.5563139915466309,0.3565891683101654,0.4179104268550873,0.3191489279270172,0.847058892250061,0.5417642593383789,0.40067312121391296,0.4838709831237793,0.470273494720459,0.2916666567325592,0.8362307548522949,0.02607603184878826,0.6969696879386902,0.175,0.7788882255554199,0.7941250205039978,0.752293586730957,0.8564560413360596,0.8638824820518494,0.054654717445373535,0.42013365030288696,0.2834663391113281,0.7142038941383362,0.8224227428436279,0.7464355230331421,0.5083333253860474,0.7464355230331421,0.8528118133544922,0.8241206407546997,0.6443184018135071,0.8796296715736389,0.17,0.4126582145690918,0.801980197429657,0.28321677446365356,0.7142038941383362,0.8224227428436279,0.03767506778240204,0.7368420958518982,0.7788882255554199,0.8534031510353088,0.04311969876289368,0.9111111164093018,0.7941250205039978,17,1.0,0.8564560413360596,0.8112705945968628,0.8008760809898376,0.2395833283662796,0.32549023628234863,0.06786050647497177
smart_init_box_adapter_bert_ms,0,61ufns0u,0.8051447868347168,0.07634307444095612,0.8545397520065308,0.43765905499458313,0.8714372515678406,0.5675675272941589,0.3939394056797027,0.4444444477558136,0.3125,0.8823530077934265,0.5570128560066223,0.4091745615005493,0.4761904776096344,0.4900387525558472,0.30927833914756775,0.8721159100532532,0.027175623923540115,0.7878788113594055,0.175,0.780548632144928,0.7918944358825684,0.752293586730957,0.8598901033401489,0.8714372515678406,0.052678778767585754,0.4389721751213074,0.2948015332221985,0.7146118879318237,0.8220252990722656,0.7482253313064575,0.4740740954875946,0.7482253313064575,0.8545397520065308,0.8241206407546997,0.6210243105888367,0.9000000953674316,0.23,0.418952614068985,0.8514851331710815,0.2945205569267273,0.7146118879318237,0.8220252990722656,0.03925852105021477,0.7894737124443054,0.780548632144928,0.8795811533927917,0.040213633328676224,0.9111111164093018,0.7918944358825684,22,1.0,0.8598901033401489,0.8591175079345703,0.8051447868347168,0.2626262605190277,0.3392157256603241,0.07068803161382675
smart_init_classifier_adapter_bert_ms,2,hhtv6f32,0.7917501926422119,0.07100220024585724,0.8504555225372314,0.46258506178855896,0.8507667779922485,0.6303030252456665,0.3838383555412293,0.43809524178504944,0.4333333373069763,0.7235294580459595,0.5754091143608093,0.46432214975357056,0.5777778029441833,0.4708893597126007,0.34328359365463257,0.7563663125038147,0.027961043640971184,0.5757575631141663,0.25,0.7928730249404907,0.7939208149909973,0.792792797088623,0.8557692170143127,0.8507667779922485,0.06377650052309036,0.4669293761253357,0.3548319339752197,0.7385892271995544,0.821216344833374,0.7403903007507324,0.6824073791503906,0.7403903007507324,0.8504555225372314,0.8756219148635864,0.7518541216850281,0.8370370864868164,0.14,0.5131579041481018,0.6732673048973083,0.35233160853385925,0.7385892271995544,0.821216344833374,0.03772440552711487,0.6052631735801697,0.7928730249404907,0.8167539238929749,0.05788563936948776,0.9777777791023254,0.7939208149909973,17,0.8666666746139526,0.8557692170143127,0.6825624704360962,0.7917501926422119,0.28787878155708313,0.3490196466445923,0.05796418339014053
smart_init_classifier_adapter_bert_ms,1,bpzuo123,0.7954347133636475,0.07712849229574203,0.8552466630935669,0.4315789341926574,0.8725244998931885,0.585197925567627,0.38759687542915344,0.4307692050933838,0.3186813294887543,0.8705883026123047,0.563464343547821,0.4190596640110016,0.4793388843536377,0.525638222694397,0.30434781312942505,0.8597155809402466,0.030160225927829742,0.7575757503509521,0.25,0.7804273962974548,0.7845900058746338,0.792792797088623,0.8653846383094788,0.8725244998931885,0.06063500791788101,0.4333911836147308,0.29448193311691284,0.710659921169281,0.8183961510658264,0.7308613657951355,0.588888943195343,0.7308613657951355,0.8552466630935669,0.8756219148635864,0.7148194909095764,0.90925931930542,0.04,0.43589743971824646,0.8118811845779419,0.2939068078994751,0.710659921169281,0.8183961510658264,0.04211050644516945,0.7368420958518982,0.7804273962974548,0.8900523781776428,0.04995287209749222,0.9777777791023254,0.7845900058746338,17,0.9666666388511658,0.8653846383094788,0.8203615546226501,0.7954347133636475,0.2604166567325592,0.3764706254005432,0.06974552571773529
smart_init_classifier_adapter_bert_ms,0,oknduit7,0.7806779146194458,0.06628966331481934,0.8459786772727966,0.41198503971099854,0.8307130336761475,0.6111111044883728,0.25581398606300354,0.4000000059604645,0.4464285671710968,0.6235294342041016,0.531961977481842,0.4450254738330841,0.5813953280448914,0.3905476033687592,0.3333333432674408,0.6611111164093018,0.0227772556245327,0.3333333432674408,0.25,0.7913992404937744,0.7963085174560547,0.792792797088623,0.8468406796455383,0.8307130336761475,0.0629916712641716,0.41334596276283264,0.3291030526161194,0.7427710890769958,0.8203924298286438,0.7363278269767761,0.7074074745178223,0.7363278269767761,0.8459786772727966,0.8756219148635864,0.7426018714904785,0.7814815044403076,0.12,0.5162454843521118,0.5445544719696045,0.3313252925872803,0.7427710890769958,0.8203924298286438,0.03128797933459282,0.5,0.7913992404937744,0.7486910820007324,0.0600062794983387,0.9777777791023254,0.7963085174560547,15,0.8333333134651184,0.8468406796455383,0.5555555820465088,0.7806779146194458,0.2075471729040146,0.28431373834609985,0.04995287209749222
